,date,day,month,year,index.svix2
1,02-01-2004,2,1,2004,0.020025788
2,05-01-2004,5,1,2004,0.019702755
3,06-01-2004,6,1,2004,0.018264903
4,07-01-2004,7,1,2004,0.016538383
5,08-01-2004,8,1,2004,0.01461453
6,09-01-2004,9,1,2004,0.016627461
7,12-01-2004,12,1,2004,0.016791443
8,13-01-2004,13,1,2004,0.01772444
9,14-01-2004,14,1,2004,0.017705736
10,15-01-2004,15,1,2004,0.017105783
11,16-01-2004,16,1,2004,0.017049143
12,20-01-2004,20,1,2004,0.016773324
13,21-01-2004,21,1,2004,0.016135718
14,22-01-2004,22,1,2004,0.016731617
15,23-01-2004,23,1,2004,0.017011007
16,26-01-2004,26,1,2004,0.016610934
17,27-01-2004,27,1,2004,0.017452102
18,28-01-2004,28,1,2004,0.018614209
19,29-01-2004,29,1,2004,0.020219775
20,30-01-2004,30,1,2004,0.020027472
21,02-02-2004,2,2,2004,0.020018903
22,03-02-2004,3,2,2004,0.0209746
23,04-02-2004,4,2,2004,0.021319078
24,05-02-2004,5,2,2004,0.021901986
25,06-02-2004,6,2,2004,0.020763116
26,09-02-2004,9,2,2004,0.020572739
27,10-02-2004,10,2,2004,0.020261283
28,11-02-2004,11,2,2004,0.01951377
29,12-02-2004,12,2,2004,0.019772995
30,13-02-2004,13,2,2004,0.020106954
31,17-02-2004,17,2,2004,0.019571452
32,18-02-2004,18,2,2004,0.019891971
33,19-02-2004,19,2,2004,0.020335533
34,20-02-2004,20,2,2004,0.020565137
35,23-02-2004,23,2,2004,0.020847783
36,24-02-2004,24,2,2004,0.021221418
37,25-02-2004,25,2,2004,0.020380514
38,26-02-2004,26,2,2004,0.020759225
39,27-02-2004,27,2,2004,0.020126902
40,01-03-2004,1,3,2004,0.019793427
41,02-03-2004,2,3,2004,0.019730155
42,03-03-2004,3,3,2004,0.019819393
43,04-03-2004,4,3,2004,0.019295408
44,05-03-2004,5,3,2004,0.019674858
45,08-03-2004,8,3,2004,0.020650672
46,09-03-2004,9,3,2004,0.02136696
47,10-03-2004,10,3,2004,0.022531583
48,11-03-2004,11,3,2004,0.024061715
49,12-03-2004,12,3,2004,0.022247736
50,15-03-2004,15,3,2004,0.024605158
51,16-03-2004,16,3,2004,0.024755457
52,17-03-2004,17,3,2004,0.023178891
53,18-03-2004,18,3,2004,0.023698913
54,19-03-2004,19,3,2004,0.024771642
55,22-03-2004,22,3,2004,0.02740933
56,23-03-2004,23,3,2004,0.027235521
57,24-03-2004,24,3,2004,0.027447305
58,25-03-2004,25,3,2004,0.025683244
59,26-03-2004,26,3,2004,0.024649907
60,29-03-2004,29,3,2004,0.023521613
61,30-03-2004,30,3,2004,0.023162006
62,31-03-2004,31,3,2004,0.023345597
63,01-04-2004,1,4,2004,0.022993881
64,02-04-2004,2,4,2004,0.022030722
65,05-04-2004,5,4,2004,0.021254037
66,06-04-2004,6,4,2004,0.021814376
67,07-04-2004,7,4,2004,0.022585979
68,08-04-2004,8,4,2004,0.023009211
69,12-04-2004,12,4,2004,0.02278487
70,13-04-2004,13,4,2004,0.024323476
71,14-04-2004,14,4,2004,0.023353578
72,15-04-2004,15,4,2004,0.023088909
73,16-04-2004,16,4,2004,0.022781701
74,19-04-2004,19,4,2004,0.022859841
75,20-04-2004,20,4,2004,0.024147913
76,21-04-2004,21,4,2004,0.023475115
77,22-04-2004,22,4,2004,0.022461752
78,23-04-2004,23,4,2004,0.021995776
79,26-04-2004,26,4,2004,0.022417794
80,27-04-2004,27,4,2004,0.022143264
81,28-04-2004,28,4,2004,0.023634213
82,29-04-2004,29,4,2004,0.024581331
83,30-04-2004,30,4,2004,0.024838759
84,03-05-2004,3,5,2004,0.023780822
85,04-05-2004,4,5,2004,0.023706242
86,05-05-2004,5,5,2004,0.022894885
87,06-05-2004,6,5,2004,0.023672229
88,07-05-2004,7,5,2004,0.02482735
89,10-05-2004,10,5,2004,0.025670125
90,11-05-2004,11,5,2004,0.024327454
91,12-05-2004,12,5,2004,0.0243505
92,13-05-2004,13,5,2004,0.024662481
93,14-05-2004,14,5,2004,0.024469893
94,17-05-2004,17,5,2004,0.025632836
95,18-05-2004,18,5,2004,0.024893227
96,19-05-2004,19,5,2004,0.025097156
97,20-05-2004,20,5,2004,0.024914051
98,21-05-2004,21,5,2004,0.02468157
99,24-05-2004,24,5,2004,0.023986636
100,25-05-2004,25,5,2004,0.022361555
101,26-05-2004,26,5,2004,0.022165335
102,27-05-2004,27,5,2004,0.021688131
103,28-05-2004,28,5,2004,0.021810879
104,01-06-2004,1,6,2004,0.022081299
105,02-06-2004,2,6,2004,0.021902779
106,03-06-2004,3,6,2004,0.023138514
107,04-06-2004,4,6,2004,0.023329071
108,07-06-2004,7,6,2004,0.022065976
109,08-06-2004,8,6,2004,0.02102848
110,09-06-2004,9,6,2004,0.021501262
111,10-06-2004,10,6,2004,0.020896248
112,14-06-2004,14,6,2004,0.021621336
113,15-06-2004,15,6,2004,0.020976122
114,16-06-2004,16,6,2004,0.020131705
115,17-06-2004,17,6,2004,0.020421444
116,18-06-2004,18,6,2004,0.019771394
117,21-06-2004,21,6,2004,0.019932067
118,22-06-2004,22,6,2004,0.019924897
119,23-06-2004,23,6,2004,0.018914385
120,24-06-2004,24,6,2004,0.019489618
121,25-06-2004,25,6,2004,0.020048769
122,28-06-2004,28,6,2004,0.020756499
123,29-06-2004,29,6,2004,0.019930726
124,30-06-2004,30,6,2004,0.01944555
125,01-07-2004,1,7,2004,0.02009008
126,02-07-2004,2,7,2004,0.020625082
127,06-07-2004,6,7,2004,0.02141138
128,07-07-2004,7,7,2004,0.021845135
129,08-07-2004,8,7,2004,0.022476895
130,09-07-2004,9,7,2004,0.022590709
131,12-07-2004,12,7,2004,0.022711793
132,13-07-2004,13,7,2004,0.02222137
133,14-07-2004,14,7,2004,0.022337646
134,15-07-2004,15,7,2004,0.022801203
135,16-07-2004,16,7,2004,0.022494428
136,19-07-2004,19,7,2004,0.023081469
137,20-07-2004,20,7,2004,0.02219341
138,21-07-2004,21,7,2004,0.02410356
139,22-07-2004,22,7,2004,0.023517904
140,23-07-2004,23,7,2004,0.024350515
141,26-07-2004,26,7,2004,0.024843689
142,27-07-2004,27,7,2004,0.023788888
143,28-07-2004,28,7,2004,0.02357762
144,29-07-2004,29,7,2004,0.022918283
145,30-07-2004,30,7,2004,0.022689437
146,02-08-2004,2,8,2004,0.022405011
147,03-08-2004,3,8,2004,0.022872871
148,04-08-2004,4,8,2004,0.023061405
149,05-08-2004,5,8,2004,0.024857433
150,06-08-2004,6,8,2004,0.025564942
151,09-08-2004,9,8,2004,0.025160436
152,10-08-2004,10,8,2004,0.023799084
153,11-08-2004,11,8,2004,0.024260144
154,12-08-2004,12,8,2004,0.025444092
155,13-08-2004,13,8,2004,0.02556864
156,16-08-2004,16,8,2004,0.024820833
157,17-08-2004,17,8,2004,0.024487862
158,18-08-2004,18,8,2004,0.023634952
159,19-08-2004,19,8,2004,0.024261754
160,20-08-2004,20,8,2004,0.023614557
161,23-08-2004,23,8,2004,0.023100476
162,24-08-2004,24,8,2004,0.022730198
163,25-08-2004,25,8,2004,0.022229893
164,26-08-2004,26,8,2004,0.022118094
165,27-08-2004,27,8,2004,0.021848319
166,30-08-2004,30,8,2004,0.022178986
167,31-08-2004,31,8,2004,0.022009478
168,01-09-2004,1,9,2004,0.021380617
169,02-09-2004,2,9,2004,0.020814305
170,03-09-2004,3,9,2004,0.020487477
171,07-09-2004,7,9,2004,0.020273839
172,08-09-2004,8,9,2004,0.020336512
173,09-09-2004,9,9,2004,0.019987186
174,10-09-2004,10,9,2004,0.019767043
175,13-09-2004,13,9,2004,0.019067774
176,14-09-2004,14,9,2004,0.018757239
177,15-09-2004,15,9,2004,0.019103359
178,16-09-2004,16,9,2004,0.019182509
179,17-09-2004,17,9,2004,0.018755801
180,20-09-2004,20,9,2004,0.019514517
181,21-09-2004,21,9,2004,0.018407277
182,22-09-2004,22,9,2004,0.019475906
183,23-09-2004,23,9,2004,0.01943819
184,24-09-2004,24,9,2004,0.019245035
185,27-09-2004,27,9,2004,0.019592105
186,28-09-2004,28,9,2004,0.018739217
187,29-09-2004,29,9,2004,0.018368819
188,30-09-2004,30,9,2004,0.018113193
189,01-10-2004,1,10,2004,0.017122279
190,04-10-2004,4,10,2004,0.017313438
191,05-10-2004,5,10,2004,0.017567379
192,06-10-2004,6,10,2004,0.016860197
193,07-10-2004,7,10,2004,0.017322358
194,08-10-2004,8,10,2004,0.018144945
195,12-10-2004,12,10,2004,0.017629587
196,13-10-2004,13,10,2004,0.018174584
197,14-10-2004,14,10,2004,0.01865374
198,15-10-2004,15,10,2004,0.018261026
199,18-10-2004,18,10,2004,0.017818973
200,19-10-2004,19,10,2004,0.01829394
201,20-10-2004,20,10,2004,0.018237528
202,21-10-2004,21,10,2004,0.017968912
203,22-10-2004,22,10,2004,0.018581752
204,25-10-2004,25,10,2004,0.018955873
205,26-10-2004,26,10,2004,0.018432886
206,27-10-2004,27,10,2004,0.017921571
207,28-10-2004,28,10,2004,0.018332709
208,29-10-2004,29,10,2004,0.017974764
209,01-11-2004,1,11,2004,0.018047658
210,02-11-2004,2,11,2004,0.018048537
211,03-11-2004,3,11,2004,0.016722531
212,04-11-2004,4,11,2004,0.016045215
213,05-11-2004,5,11,2004,0.015955011
214,08-11-2004,8,11,2004,0.015959397
215,09-11-2004,9,11,2004,0.015823032
216,10-11-2004,10,11,2004,0.015602084
217,12-11-2004,12,11,2004,0.015119435
218,15-11-2004,15,11,2004,0.015237686
219,16-11-2004,16,11,2004,0.015724317
220,17-11-2004,17,11,2004,0.015668337
221,18-11-2004,18,11,2004,0.015370692
222,19-11-2004,19,11,2004,0.016082056
223,22-11-2004,22,11,2004,0.015550962
224,23-11-2004,23,11,2004,0.015608224
225,24-11-2004,24,11,2004,0.015712588
226,26-11-2004,26,11,2004,0.015645343
227,29-11-2004,29,11,2004,0.015886789
228,30-11-2004,30,11,2004,0.016033271
229,01-12-2004,1,12,2004,0.015513472
230,02-12-2004,2,12,2004,0.015338925
231,03-12-2004,3,12,2004,0.015145252
232,06-12-2004,6,12,2004,0.014847179
233,07-12-2004,7,12,2004,0.015202842
234,08-12-2004,8,12,2004,0.015394427
235,09-12-2004,9,12,2004,0.015570945
236,10-12-2004,10,12,2004,0.01537312
237,13-12-2004,13,12,2004,0.015306836
238,14-12-2004,14,12,2004,0.015347924
239,15-12-2004,15,12,2004,0.015170966
240,16-12-2004,16,12,2004,0.015021182
241,17-12-2004,17,12,2004,0.01525551
242,20-12-2004,20,12,2004,0.015462733
243,21-12-2004,21,12,2004,0.015324437
244,22-12-2004,22,12,2004,0.015682101
245,23-12-2004,23,12,2004,0.015805636
246,27-12-2004,27,12,2004,0.016014393
247,28-12-2004,28,12,2004,0.015762991
248,29-12-2004,29,12,2004,0.015656214
249,30-12-2004,30,12,2004,0.015446698
250,31-12-2004,31,12,2004,0.015707358
251,03-01-2005,3,1,2005,0.016185698
252,04-01-2005,4,1,2005,0.016416769
253,05-01-2005,5,1,2005,0.01643366
254,06-01-2005,6,1,2005,0.015678461
255,07-01-2005,7,1,2005,0.015434458
256,10-01-2005,10,1,2005,0.015372693
257,11-01-2005,11,1,2005,0.015436325
258,12-01-2005,12,1,2005,0.014924117
259,13-01-2005,13,1,2005,0.015113274
260,14-01-2005,14,1,2005,0.014663311
261,18-01-2005,18,1,2005,0.014005955
262,19-01-2005,19,1,2005,0.014826531
263,20-01-2005,20,1,2005,0.015302476
264,21-01-2005,21,1,2005,0.015531441
265,24-01-2005,24,1,2005,0.015524994
266,25-01-2005,25,1,2005,0.015093578
267,26-01-2005,26,1,2005,0.014475811
268,27-01-2005,27,1,2005,0.013754811
269,28-01-2005,28,1,2005,0.013718615
270,31-01-2005,31,1,2005,0.012924375
271,01-02-2005,1,2,2005,0.012438352
272,02-02-2005,2,2,2005,0.012040611
273,03-02-2005,3,2,2005,0.011932464
274,04-02-2005,4,2,2005,0.01138244
275,07-02-2005,7,2,2005,0.011453669
276,08-02-2005,8,2,2005,0.011159217
277,09-02-2005,9,2,2005,0.011453357
278,10-02-2005,10,2,2005,0.011058354
279,11-02-2005,11,2,2005,0.010725952
280,14-02-2005,14,2,2005,0.010831764
281,15-02-2005,15,2,2005,0.01038834
282,16-02-2005,16,2,2005,0.010411918
283,17-02-2005,17,2,2005,0.010974609
284,18-02-2005,18,2,2005,0.011032985
285,22-02-2005,22,2,2005,0.012461731
286,23-02-2005,23,2,2005,0.012401885
287,24-02-2005,24,2,2005,0.011951942
288,25-02-2005,25,2,2005,0.011554383
289,28-02-2005,28,2,2005,0.012045655
290,01-03-2005,1,3,2005,0.01207736
291,02-03-2005,2,3,2005,0.012432044
292,03-03-2005,3,3,2005,0.012703107
293,04-03-2005,4,3,2005,0.011914166
294,07-03-2005,7,3,2005,0.011971392
295,08-03-2005,8,3,2005,0.012012589
296,09-03-2005,9,3,2005,0.012524216
297,10-03-2005,10,3,2005,0.012728109
298,11-03-2005,11,3,2005,0.013114123
299,14-03-2005,14,3,2005,0.013037852
300,15-03-2005,15,3,2005,0.013303178
301,16-03-2005,16,3,2005,0.013986186
302,17-03-2005,17,3,2005,0.014337966
303,18-03-2005,18,3,2005,0.014595892
304,21-03-2005,21,3,2005,0.014771129
305,22-03-2005,22,3,2005,0.015204649
306,23-03-2005,23,3,2005,0.015558433
307,24-03-2005,24,3,2005,0.015151549
308,28-03-2005,28,3,2005,0.015011203
309,29-03-2005,29,3,2005,0.015794886
310,30-03-2005,30,3,2005,0.015064406
311,31-03-2005,31,3,2005,0.015105334
312,01-04-2005,1,4,2005,0.01562156
313,04-04-2005,4,4,2005,0.015731791
314,05-04-2005,5,4,2005,0.015488034
315,06-04-2005,6,4,2005,0.015101299
316,07-04-2005,7,4,2005,0.014715008
317,08-04-2005,8,4,2005,0.014965465
318,11-04-2005,11,4,2005,0.015035397
319,12-04-2005,12,4,2005,0.014493387
320,13-04-2005,13,4,2005,0.015388647
321,14-04-2005,14,4,2005,0.016784905
322,15-04-2005,15,4,2005,0.018891493
323,18-04-2005,18,4,2005,0.018770761
324,19-04-2005,19,4,2005,0.017659988
325,20-04-2005,20,4,2005,0.019367078
326,21-04-2005,21,4,2005,0.017652078
327,22-04-2005,22,4,2005,0.018560713
328,25-04-2005,25,4,2005,0.017809923
329,26-04-2005,26,4,2005,0.017902057
330,27-04-2005,27,4,2005,0.017784488
331,28-04-2005,28,4,2005,0.019330832
332,29-04-2005,29,4,2005,0.018507077
333,02-05-2005,2,5,2005,0.018164226
334,03-05-2005,3,5,2005,0.01809756
335,04-05-2005,4,5,2005,0.017353534
336,05-05-2005,5,5,2005,0.016570846
337,06-05-2005,6,5,2005,0.016605597
338,09-05-2005,9,5,2005,0.01600899
339,10-05-2005,10,5,2005,0.017138958
340,11-05-2005,11,5,2005,0.017142981
341,12-05-2005,12,5,2005,0.018816987
342,13-05-2005,13,5,2005,0.019450106
343,16-05-2005,16,5,2005,0.018270283
344,17-05-2005,17,5,2005,0.017626636
345,18-05-2005,18,5,2005,0.016398561
346,19-05-2005,19,5,2005,0.015594155
347,20-05-2005,20,5,2005,0.015307008
348,23-05-2005,23,5,2005,0.014791229
349,24-05-2005,24,5,2005,0.014776165
350,25-05-2005,25,5,2005,0.01488433
351,26-05-2005,26,5,2005,0.014631109
352,27-05-2005,27,5,2005,0.014798167
353,31-05-2005,31,5,2005,0.015489271
354,01-06-2005,1,6,2005,0.015068307
355,02-06-2005,2,6,2005,0.014747545
356,03-06-2005,3,6,2005,0.01516208
357,06-06-2005,6,6,2005,0.015225742
358,07-06-2005,7,6,2005,0.015283951
359,08-06-2005,8,6,2005,0.015438025
360,09-06-2005,9,6,2005,0.015166303
361,10-06-2005,10,6,2005,0.015250825
362,13-06-2005,13,6,2005,0.014659068
363,14-06-2005,14,6,2005,0.014739768
364,15-06-2005,15,6,2005,0.01461155
365,16-06-2005,16,6,2005,0.014174016
366,17-06-2005,17,6,2005,0.014102025
367,20-06-2005,20,6,2005,0.0142181
368,21-06-2005,21,6,2005,0.013768816
369,22-06-2005,22,6,2005,0.013376098
370,23-06-2005,23,6,2005,0.014432208
371,24-06-2005,24,6,2005,0.014932628
372,27-06-2005,27,6,2005,0.014943107
373,28-06-2005,28,6,2005,0.014305485
374,29-06-2005,29,6,2005,0.014415093
375,30-06-2005,30,6,2005,0.014839925
376,01-07-2005,1,7,2005,0.014462911
377,05-07-2005,5,7,2005,0.013680639
378,06-07-2005,6,7,2005,0.014319274
379,07-07-2005,7,7,2005,0.01426941
380,08-07-2005,8,7,2005,0.013354513
381,11-07-2005,11,7,2005,0.013273044
382,12-07-2005,12,7,2005,0.013395435
383,13-07-2005,13,7,2005,0.013084104
384,14-07-2005,14,7,2005,0.012828684
385,15-07-2005,15,7,2005,0.012769244
386,18-07-2005,18,7,2005,0.013148421
387,19-07-2005,19,7,2005,0.012832178
388,20-07-2005,20,7,2005,0.012559914
389,21-07-2005,21,7,2005,0.013266473
390,22-07-2005,22,7,2005,0.012783199
391,25-07-2005,25,7,2005,0.013238484
392,26-07-2005,26,7,2005,0.013173206
393,27-07-2005,27,7,2005,0.012930674
394,28-07-2005,28,7,2005,0.012645865
395,29-07-2005,29,7,2005,0.013734713
396,01-08-2005,1,8,2005,0.014080818
397,02-08-2005,2,8,2005,0.013724364
398,03-08-2005,3,8,2005,0.013682347
399,04-08-2005,4,8,2005,0.014306285
400,05-08-2005,5,8,2005,0.014897537
401,08-08-2005,8,8,2005,0.015341719
402,09-08-2005,9,8,2005,0.014512171
403,10-08-2005,10,8,2005,0.014656455
404,11-08-2005,11,8,2005,0.014440264
405,12-08-2005,12,8,2005,0.014864076
406,15-08-2005,15,8,2005,0.014361313
407,16-08-2005,16,8,2005,0.015187871
408,17-08-2005,17,8,2005,0.015081614
409,18-08-2005,18,8,2005,0.015244765
410,19-08-2005,19,8,2005,0.015023342
411,22-08-2005,22,8,2005,0.014809101
412,23-08-2005,23,8,2005,0.014779554
413,24-08-2005,24,8,2005,0.015320006
414,25-08-2005,25,8,2005,0.015280942
415,26-08-2005,26,8,2005,0.015695224
416,29-08-2005,29,8,2005,0.01556377
417,30-08-2005,30,8,2005,0.015757052
418,31-08-2005,31,8,2005,0.015224009
419,01-09-2005,1,9,2005,0.015509891
420,02-09-2005,2,9,2005,0.015830817
421,06-09-2005,6,9,2005,0.015273235
422,07-09-2005,7,9,2005,0.014909683
423,08-09-2005,8,9,2005,0.01519932
424,09-09-2005,9,9,2005,0.014575386
425,12-09-2005,12,9,2005,0.014748342
426,13-09-2005,13,9,2005,0.015237551
427,14-09-2005,14,9,2005,0.015629665
428,15-09-2005,15,9,2005,0.01554279
429,16-09-2005,16,9,2005,0.014825935
430,19-09-2005,19,9,2005,0.015189433
431,20-09-2005,20,9,2005,0.015643384
432,21-09-2005,21,9,2005,0.016483173
433,22-09-2005,22,9,2005,0.015951686
434,23-09-2005,23,9,2005,0.015770408
435,26-09-2005,26,9,2005,0.015561621
436,27-09-2005,27,9,2005,0.015370528
437,28-09-2005,28,9,2005,0.015132511
438,29-09-2005,29,9,2005,0.014728109
439,30-09-2005,30,9,2005,0.014618963
440,03-10-2005,3,10,2005,0.014697824
441,04-10-2005,4,10,2005,0.015434458
442,05-10-2005,5,10,2005,0.016479784
443,06-10-2005,6,10,2005,0.016771671
444,07-10-2005,7,10,2005,0.016451492
445,11-10-2005,11,10,2005,0.017221054
446,12-10-2005,12,10,2005,0.017951384
447,13-10-2005,13,10,2005,0.018192669
448,14-10-2005,14,10,2005,0.017066629
449,17-10-2005,17,10,2005,0.016894657
450,18-10-2005,18,10,2005,0.01752003
451,19-10-2005,19,10,2005,0.016484347
452,20-10-2005,20,10,2005,0.018218004
453,21-10-2005,21,10,2005,0.017825812
454,24-10-2005,24,10,2005,0.016583033
455,25-10-2005,25,10,2005,0.01655031
456,26-10-2005,26,10,2005,0.016636567
457,27-10-2005,27,10,2005,0.017750453
458,28-10-2005,28,10,2005,0.016623428
459,31-10-2005,31,10,2005,0.016239484
460,01-11-2005,1,11,2005,0.016386999
461,02-11-2005,2,11,2005,0.015725322
462,03-11-2005,3,11,2005,0.01497644
463,04-11-2005,4,11,2005,0.015074655
464,07-11-2005,7,11,2005,0.014949627
465,08-11-2005,8,11,2005,0.014854963
466,09-11-2005,9,11,2005,0.014756057
467,10-11-2005,10,11,2005,0.014016632
468,14-11-2005,14,11,2005,0.013713047
469,15-11-2005,15,11,2005,0.014082671
470,16-11-2005,16,11,2005,0.013937319
471,17-11-2005,17,11,2005,0.013340603
472,18-11-2005,18,11,2005,0.013331108
473,21-11-2005,21,11,2005,0.013128462
474,22-11-2005,22,11,2005,0.013195773
475,23-11-2005,23,11,2005,0.01350547
476,25-11-2005,25,11,2005,0.013705661
477,28-11-2005,28,11,2005,0.014462483
478,29-11-2005,29,11,2005,0.01461058
479,30-11-2005,30,11,2005,0.014965585
480,01-12-2005,1,12,2005,0.014039597
481,02-12-2005,2,12,2005,0.01379973
482,05-12-2005,5,12,2005,0.014182192
483,06-12-2005,6,12,2005,0.013957106
484,07-12-2005,7,12,2005,0.014439155
485,08-12-2005,8,12,2005,0.01457831
486,09-12-2005,9,12,2005,0.014389848
487,12-12-2005,12,12,2005,0.014397227
488,13-12-2005,13,12,2005,0.014052376
489,14-12-2005,14,12,2005,0.014049532
490,15-12-2005,15,12,2005,0.014118733
491,16-12-2005,16,12,2005,0.01433037
492,19-12-2005,19,12,2005,0.014664535
493,20-12-2005,20,12,2005,0.014499487
494,21-12-2005,21,12,2005,0.014312805
495,22-12-2005,22,12,2005,0.013759678
496,23-12-2005,23,12,2005,0.013781848
497,27-12-2005,27,12,2005,0.014485907
498,28-12-2005,28,12,2005,0.014374767
499,29-12-2005,29,12,2005,0.014451492
500,30-12-2005,30,12,2005,0.014649688
501,03-01-2006,3,1,2006,0.013709117
502,04-01-2006,4,1,2006,0.01358416
503,05-01-2006,5,1,2006,0.013561614
504,06-01-2006,6,1,2006,0.013098469
505,09-01-2006,9,1,2006,0.013054538
506,10-01-2006,10,1,2006,0.012999372
507,11-01-2006,11,1,2006,0.013035199
508,12-01-2006,12,1,2006,0.013241057
509,13-01-2006,13,1,2006,0.013226768
510,17-01-2006,17,1,2006,0.013526019
511,18-01-2006,18,1,2006,0.013794396
512,19-01-2006,19,1,2006,0.013610315
513,20-01-2006,20,1,2006,0.015145001
514,23-01-2006,23,1,2006,0.014852385
515,24-01-2006,24,1,2006,0.014183584
516,25-01-2006,25,1,2006,0.013943187
517,26-01-2006,26,1,2006,0.013638214
518,27-01-2006,27,1,2006,0.013137141
519,30-01-2006,30,1,2006,0.013169036
520,31-01-2006,31,1,2006,0.013497531
521,01-02-2006,1,2,2006,0.013212438
522,02-02-2006,2,2,2006,0.013913377
523,03-02-2006,3,2,2006,0.013842644
524,06-02-2006,6,2,2006,0.013803974
525,07-02-2006,7,2,2006,0.014493309
526,08-02-2006,8,2,2006,0.01390199
527,09-02-2006,9,2,2006,0.014018221
528,10-02-2006,10,2,2006,0.013695422
529,13-02-2006,13,2,2006,0.014036158
530,14-02-2006,14,2,2006,0.013542142
531,15-02-2006,15,2,2006,0.01347699
532,16-02-2006,16,2,2006,0.012808108
533,17-02-2006,17,2,2006,0.012890196
534,21-02-2006,21,2,2006,0.012965104
535,22-02-2006,22,2,2006,0.012619935
536,23-02-2006,23,2,2006,0.012719014
537,24-02-2006,24,2,2006,0.012599095
538,27-02-2006,27,2,2006,0.012636828
539,28-02-2006,28,2,2006,0.013258551
540,01-03-2006,1,3,2006,0.012824332
541,02-03-2006,2,3,2006,0.012918153
542,03-03-2006,3,3,2006,0.013147892
543,06-03-2006,6,3,2006,0.013613916
544,07-03-2006,7,3,2006,0.013967799
545,08-03-2006,8,3,2006,0.013861698
546,09-03-2006,9,3,2006,0.014211329
547,10-03-2006,10,3,2006,0.013728275
548,13-03-2006,13,3,2006,0.013447987
549,14-03-2006,14,3,2006,0.012931357
550,15-03-2006,15,3,2006,0.012787316
551,16-03-2006,16,3,2006,0.012598413
552,17-03-2006,17,3,2006,0.012713693
553,20-03-2006,20,3,2006,0.012767709
554,21-03-2006,21,3,2006,0.01284447
555,22-03-2006,22,3,2006,0.012500176
556,23-03-2006,23,3,2006,0.01250384
557,24-03-2006,24,3,2006,0.012355617
558,27-03-2006,27,3,2006,0.012413647
559,28-03-2006,28,3,2006,0.01260121
560,29-03-2006,29,3,2006,0.012108504
561,30-03-2006,30,3,2006,0.012352421
562,31-03-2006,31,3,2006,0.012422194
563,03-04-2006,3,4,2006,0.012279225
564,04-04-2006,4,4,2006,0.011779818
565,05-04-2006,5,4,2006,0.011666074
566,06-04-2006,6,4,2006,0.011521956
567,07-04-2006,7,4,2006,0.011966883
568,10-04-2006,10,4,2006,0.012083507
569,11-04-2006,11,4,2006,0.012824419
570,12-04-2006,12,4,2006,0.012654945
571,13-04-2006,13,4,2006,0.012664732
572,17-04-2006,17,4,2006,0.012795636
573,18-04-2006,18,4,2006,0.012055597
574,19-04-2006,19,4,2006,0.011859733
575,20-04-2006,20,4,2006,0.011829353
576,21-04-2006,21,4,2006,0.011886481
577,24-04-2006,24,4,2006,0.011916645
578,25-04-2006,25,4,2006,0.012037598
579,26-04-2006,26,4,2006,0.012214943
580,27-04-2006,27,4,2006,0.012173271
581,28-04-2006,28,4,2006,0.012273852
582,01-05-2006,1,5,2006,0.012630212
583,02-05-2006,2,5,2006,0.012425762
584,03-05-2006,3,5,2006,0.012359998
585,04-05-2006,4,5,2006,0.012168091
586,05-05-2006,5,5,2006,0.011904855
587,08-05-2006,8,5,2006,0.012047731
588,09-05-2006,9,5,2006,0.011775395
589,10-05-2006,10,5,2006,0.011738875
590,11-05-2006,11,5,2006,0.012253711
591,12-05-2006,12,5,2006,0.013001519
592,15-05-2006,15,5,2006,0.0125612
593,16-05-2006,16,5,2006,0.012413471
594,17-05-2006,17,5,2006,0.01425239
595,18-05-2006,18,5,2006,0.014872016
596,19-05-2006,19,5,2006,0.014612579
597,22-05-2006,22,5,2006,0.015147009
598,23-05-2006,23,5,2006,0.015392599
599,24-05-2006,24,5,2006,0.015417596
600,25-05-2006,25,5,2006,0.014583942
601,26-05-2006,26,5,2006,0.014266533
602,30-05-2006,30,5,2006,0.017061472
603,31-05-2006,31,5,2006,0.016189517
604,01-06-2006,1,6,2006,0.014857352
605,02-06-2006,2,6,2006,0.014961028
606,05-06-2006,5,6,2006,0.016344436
607,06-06-2006,6,6,2006,0.016992909
608,07-06-2006,7,6,2006,0.01784699
609,08-06-2006,8,6,2006,0.017924265
610,09-06-2006,9,6,2006,0.018043779
611,12-06-2006,12,6,2006,0.019511222
612,13-06-2006,13,6,2006,0.021153811
613,14-06-2006,14,6,2006,0.020082474
614,15-06-2006,15,6,2006,0.01580011
615,16-06-2006,16,6,2006,0.016672301
616,19-06-2006,19,6,2006,0.017277154
617,20-06-2006,20,6,2006,0.016627821
618,21-06-2006,21,6,2006,0.014990141
619,22-06-2006,22,6,2006,0.015506429
620,23-06-2006,23,6,2006,0.01554131
621,26-06-2006,26,6,2006,0.014929689
622,27-06-2006,27,6,2006,0.015814653
623,28-06-2006,28,6,2006,0.015780922
624,29-06-2006,29,6,2006,0.013930728
625,30-06-2006,30,6,2006,0.014372282
626,03-07-2006,3,7,2006,0.014215643
627,05-07-2006,5,7,2006,0.015150021
628,06-07-2006,6,7,2006,0.014939801
629,07-07-2006,7,7,2006,0.015914625
630,10-07-2006,10,7,2006,0.015746754
631,11-07-2006,11,7,2006,0.015364181
632,12-07-2006,12,7,2006,0.016313137
633,13-07-2006,13,7,2006,0.018410135
634,14-07-2006,14,7,2006,0.018900244
635,17-07-2006,17,7,2006,0.018722259
636,18-07-2006,18,7,2006,0.018063172
637,19-07-2006,19,7,2006,0.016058728
638,20-07-2006,20,7,2006,0.016763791
639,21-07-2006,21,7,2006,0.017267672
640,24-07-2006,24,7,2006,0.015574231
641,25-07-2006,25,7,2006,0.015286071
642,26-07-2006,26,7,2006,0.015342887
643,27-07-2006,27,7,2006,0.015776689
644,28-07-2006,28,7,2006,0.015372542
645,31-07-2006,31,7,2006,0.015722035
646,01-08-2006,1,8,2006,0.016023458
647,02-08-2006,2,8,2006,0.015765559
648,03-08-2006,3,8,2006,0.015826921
649,04-08-2006,4,8,2006,0.015705136
650,07-08-2006,7,8,2006,0.0162943
651,08-08-2006,8,8,2006,0.016384458
652,09-08-2006,9,8,2006,0.016556043
653,10-08-2006,10,8,2006,0.016061618
654,11-08-2006,11,8,2006,0.01632943
655,14-08-2006,14,8,2006,0.016360462
656,15-08-2006,15,8,2006,0.015825525
657,16-08-2006,16,8,2006,0.01483897
658,17-08-2006,17,8,2006,0.014635092
659,18-08-2006,18,8,2006,0.01417173
660,21-08-2006,21,8,2006,0.014590976
661,22-08-2006,22,8,2006,0.01452151
662,23-08-2006,23,8,2006,0.014683138
663,24-08-2006,24,8,2006,0.01469514
664,25-08-2006,25,8,2006,0.014559817
665,28-08-2006,28,8,2006,0.014306459
666,29-08-2006,29,8,2006,0.014194081
667,30-08-2006,30,8,2006,0.014051611
668,31-08-2006,31,8,2006,0.014024943
669,01-09-2006,1,9,2006,0.013834355
670,05-09-2006,5,9,2006,0.013939442
671,06-09-2006,6,9,2006,0.014885451
672,07-09-2006,7,9,2006,0.014984069
673,08-09-2006,8,9,2006,0.014536745
674,11-09-2006,11,9,2006,0.014591472
675,12-09-2006,12,9,2006,0.013982906
676,13-09-2006,13,9,2006,0.013682695
677,14-09-2006,14,9,2006,0.013981596
678,15-09-2006,15,9,2006,0.013623642
679,18-09-2006,18,9,2006,0.013668302
680,19-09-2006,19,9,2006,0.014034851
681,20-09-2006,20,9,2006,0.013647701
682,21-09-2006,21,9,2006,0.014152712
683,22-09-2006,22,9,2006,0.014153228
684,25-09-2006,25,9,2006,0.013729575
685,26-09-2006,26,9,2006,0.013172699
686,27-09-2006,27,9,2006,0.013245216
687,28-09-2006,28,9,2006,0.013450462
688,29-09-2006,29,9,2006,0.013695005
689,02-10-2006,2,10,2006,0.013863135
690,03-10-2006,3,10,2006,0.013747435
691,04-10-2006,4,10,2006,0.013538998
692,05-10-2006,5,10,2006,0.013501522
693,06-10-2006,6,10,2006,0.013399269
694,10-10-2006,10,10,2006,0.01337956
695,11-10-2006,11,10,2006,0.013591945
696,12-10-2006,12,10,2006,0.013051613
697,13-10-2006,13,10,2006,0.012824173
698,16-10-2006,16,10,2006,0.012889279
699,17-10-2006,17,10,2006,0.013279377
700,18-10-2006,18,10,2006,0.013161824
701,19-10-2006,19,10,2006,0.012984727
702,20-10-2006,20,10,2006,0.012396575
703,23-10-2006,23,10,2006,0.012556772
704,24-10-2006,24,10,2006,0.012374559
705,25-10-2006,25,10,2006,0.011924031
706,26-10-2006,26,10,2006,0.011634036
707,27-10-2006,27,10,2006,0.011839093
708,30-10-2006,30,10,2006,0.011909315
709,31-10-2006,31,10,2006,0.011840296
710,01-11-2006,1,11,2006,0.012198111
711,02-11-2006,2,11,2006,0.012362653
712,03-11-2006,3,11,2006,0.012285819
713,06-11-2006,6,11,2006,0.011978266
714,07-11-2006,7,11,2006,0.011660387
715,08-11-2006,8,11,2006,0.011373503
716,09-11-2006,9,11,2006,0.01166162
717,10-11-2006,10,11,2006,0.011607666
718,13-11-2006,13,11,2006,0.011639671
719,14-11-2006,14,11,2006,0.011401897
720,15-11-2006,15,11,2006,0.011268074
721,16-11-2006,16,11,2006,0.01129749
722,17-11-2006,17,11,2006,0.011335172
723,20-11-2006,20,11,2006,0.011336032
724,21-11-2006,21,11,2006,0.011703383
725,22-11-2006,22,11,2006,0.012222396
726,24-11-2006,24,11,2006,0.012589483
727,27-11-2006,27,11,2006,0.013571436
728,28-11-2006,28,11,2006,0.013151848
729,29-11-2006,29,11,2006,0.012190301
730,30-11-2006,30,11,2006,0.012284876
731,01-12-2006,1,12,2006,0.012562244
732,04-12-2006,4,12,2006,0.012214933
733,05-12-2006,5,12,2006,0.012250076
734,06-12-2006,6,12,2006,0.012298541
735,07-12-2006,7,12,2006,0.013074467
736,08-12-2006,8,12,2006,0.012860178
737,11-12-2006,11,12,2006,0.012723922
738,12-12-2006,12,12,2006,0.012827754
739,13-12-2006,13,12,2006,0.012821526
740,14-12-2006,14,12,2006,0.012446208
741,15-12-2006,15,12,2006,0.012879699
742,18-12-2006,18,12,2006,0.012983263
743,19-12-2006,19,12,2006,0.01279424
744,20-12-2006,20,12,2006,0.012870562
745,21-12-2006,21,12,2006,0.013072814
746,22-12-2006,22,12,2006,0.01359599
747,26-12-2006,26,12,2006,0.013384498
748,27-12-2006,27,12,2006,0.013199341
749,28-12-2006,28,12,2006,0.013410817
750,29-12-2006,29,12,2006,0.013726458
751,03-01-2007,3,1,2007,0.013705344
752,04-01-2007,4,1,2007,0.013472872
753,05-01-2007,5,1,2007,0.013901191
754,08-01-2007,8,1,2007,0.013628829
755,09-01-2007,9,1,2007,0.013634007
756,10-01-2007,10,1,2007,0.013263531
757,11-01-2007,11,1,2007,0.01279795
758,12-01-2007,12,1,2007,0.012232338
759,16-01-2007,16,1,2007,0.012302913
760,17-01-2007,17,1,2007,0.012175678
761,18-01-2007,18,1,2007,0.012268798
762,19-01-2007,19,1,2007,0.011863724
763,22-01-2007,22,1,2007,0.012097435
764,23-01-2007,23,1,2007,0.011631526
765,24-01-2007,24,1,2007,0.011370838
766,25-01-2007,25,1,2007,0.011855159
767,26-01-2007,26,1,2007,0.011770081
768,29-01-2007,29,1,2007,0.011863495
769,30-01-2007,30,1,2007,0.011700999
770,31-01-2007,31,1,2007,0.011373422
771,01-02-2007,1,2,2007,0.011324006
772,02-02-2007,2,2,2007,0.011427965
773,05-02-2007,5,2,2007,0.011422121
774,06-02-2007,6,2,2007,0.011599537
775,07-02-2007,7,2,2007,0.011438526
776,08-02-2007,8,2,2007,0.011489943
777,09-02-2007,9,2,2007,0.012011469
778,12-02-2007,12,2,2007,0.01234139
779,13-02-2007,13,2,2007,0.011513216
780,14-02-2007,14,2,2007,0.011406061
781,15-02-2007,15,2,2007,0.011471009
782,16-02-2007,16,2,2007,0.011408598
783,20-02-2007,20,2,2007,0.011543717
784,21-02-2007,21,2,2007,0.011523213
785,22-02-2007,22,2,2007,0.011649319
786,23-02-2007,23,2,2007,0.011951585
787,26-02-2007,26,2,2007,0.0122432
788,27-02-2007,27,2,2007,0.016847692
789,28-02-2007,28,2,2007,0.014490136
790,01-03-2007,1,3,2007,0.013960288
791,02-03-2007,2,3,2007,0.016036709
792,05-03-2007,5,3,2007,0.016536544
793,06-03-2007,6,3,2007,0.014292322
794,07-03-2007,7,3,2007,0.014060025
795,08-03-2007,8,3,2007,0.013347475
796,09-03-2007,9,3,2007,0.013293797
797,12-03-2007,12,3,2007,0.013164901
798,13-03-2007,13,3,2007,0.015468693
799,14-03-2007,14,3,2007,0.014860529
800,15-03-2007,15,3,2007,0.014627185
801,16-03-2007,16,3,2007,0.015058225
802,19-03-2007,19,3,2007,0.014079796
803,20-03-2007,20,3,2007,0.013270418
804,21-03-2007,21,3,2007,0.011996905
805,22-03-2007,22,3,2007,0.012233537
806,23-03-2007,23,3,2007,0.012376172
807,26-03-2007,26,3,2007,0.012602493
808,27-03-2007,27,3,2007,0.012896606
809,28-03-2007,28,3,2007,0.013774149
810,29-03-2007,29,3,2007,0.013761365
811,30-03-2007,30,3,2007,0.013645469
812,02-04-2007,2,4,2007,0.013629943
813,03-04-2007,3,4,2007,0.013049055
814,04-04-2007,4,4,2007,0.013069565
815,05-04-2007,5,4,2007,0.012909797
816,09-04-2007,9,4,2007,0.012883261
817,10-04-2007,10,4,2007,0.012698985
818,11-04-2007,11,4,2007,0.013147131
819,12-04-2007,12,4,2007,0.012777517
820,13-04-2007,13,4,2007,0.012508122
821,16-04-2007,16,4,2007,0.012246023
822,17-04-2007,17,4,2007,0.012141601
823,18-04-2007,18,4,2007,0.012324903
824,19-04-2007,19,4,2007,0.012431192
825,20-04-2007,20,4,2007,0.012038968
826,23-04-2007,23,4,2007,0.012504003
827,24-04-2007,24,4,2007,0.012505378
828,25-04-2007,25,4,2007,0.012491136
829,26-04-2007,26,4,2007,0.012305021
830,27-04-2007,27,4,2007,0.012336209
831,30-04-2007,30,4,2007,0.01327794
832,01-05-2007,1,5,2007,0.012899137
833,02-05-2007,2,5,2007,0.01281121
834,03-05-2007,3,5,2007,0.012746375
835,04-05-2007,4,5,2007,0.012995973
836,07-05-2007,7,5,2007,0.012907925
837,08-05-2007,8,5,2007,0.01302452
838,09-05-2007,9,5,2007,0.012774356
839,10-05-2007,10,5,2007,0.013471686
840,11-05-2007,11,5,2007,0.013172413
841,14-05-2007,14,5,2007,0.013786626
842,15-05-2007,15,5,2007,0.013848638
843,16-05-2007,16,5,2007,0.013623231
844,17-05-2007,17,5,2007,0.013851486
845,18-05-2007,18,5,2007,0.013484779
846,21-05-2007,21,5,2007,0.013679604
847,22-05-2007,22,5,2007,0.01362952
848,23-05-2007,23,5,2007,0.013797802
849,24-05-2007,24,5,2007,0.014477343
850,25-05-2007,25,5,2007,0.014060417
851,29-05-2007,29,5,2007,0.014012237
852,30-05-2007,30,5,2007,0.013644415
853,31-05-2007,31,5,2007,0.013858261
854,01-06-2007,1,6,2007,0.013991665
855,04-06-2007,4,6,2007,0.014321788
856,05-06-2007,5,6,2007,0.014632117
857,06-06-2007,6,6,2007,0.015552469
858,07-06-2007,7,6,2007,0.016838272
859,08-06-2007,8,6,2007,0.015055425
860,11-06-2007,11,6,2007,0.014909629
861,12-06-2007,12,6,2007,0.015853372
862,13-06-2007,13,6,2007,0.014995419
863,14-06-2007,14,6,2007,0.01449076
864,15-06-2007,15,6,2007,0.014941132
865,18-06-2007,18,6,2007,0.014892445
866,19-06-2007,19,6,2007,0.014602414
867,20-06-2007,20,6,2007,0.016073317
868,21-06-2007,21,6,2007,0.016088533
869,22-06-2007,22,6,2007,0.016128624
870,25-06-2007,25,6,2007,0.017407864
871,26-06-2007,26,6,2007,0.018752454
872,27-06-2007,27,6,2007,0.016555773
873,28-06-2007,28,6,2007,0.016632101
874,29-06-2007,29,6,2007,0.017490523
875,02-07-2007,2,7,2007,0.016915309
876,03-07-2007,3,7,2007,0.016725198
877,05-07-2007,5,7,2007,0.017181053
878,06-07-2007,6,7,2007,0.016818552
879,09-07-2007,9,7,2007,0.017345534
880,10-07-2007,10,7,2007,0.01910147
881,11-07-2007,11,7,2007,0.018905184
882,12-07-2007,12,7,2007,0.01840742
883,13-07-2007,13,7,2007,0.018504435
884,16-07-2007,16,7,2007,0.019019211
885,17-07-2007,17,7,2007,0.019297434
886,18-07-2007,18,7,2007,0.019893176
887,19-07-2007,19,7,2007,0.019306427
888,20-07-2007,20,7,2007,0.02094942
889,23-07-2007,23,7,2007,0.020610061
890,24-07-2007,24,7,2007,0.022414635
891,25-07-2007,25,7,2007,0.021922388
892,26-07-2007,26,7,2007,0.023578856
893,27-07-2007,27,7,2007,0.023922534
894,30-07-2007,30,7,2007,0.022762161
895,31-07-2007,31,7,2007,0.025423994
896,01-08-2007,1,8,2007,0.026458429
897,02-08-2007,2,8,2007,0.02541054
898,03-08-2007,3,8,2007,0.030050151
899,06-08-2007,6,8,2007,0.027553511
900,07-08-2007,7,8,2007,0.026090463
901,08-08-2007,8,8,2007,0.025153307
902,09-08-2007,9,8,2007,0.029845058
903,10-08-2007,10,8,2007,0.030768657
904,13-08-2007,13,8,2007,0.028985206
905,14-08-2007,14,8,2007,0.030633749
906,15-08-2007,15,8,2007,0.032825547
907,16-08-2007,16,8,2007,0.034218987
908,17-08-2007,17,8,2007,0.0323528
909,20-08-2007,20,8,2007,0.031555347
910,21-08-2007,21,8,2007,0.029548747
911,22-08-2007,22,8,2007,0.025652772
912,23-08-2007,23,8,2007,0.02592334
913,24-08-2007,24,8,2007,0.024684398
914,27-08-2007,27,8,2007,0.026071544
915,28-08-2007,28,8,2007,0.030841385
916,29-08-2007,29,8,2007,0.027824066
917,30-08-2007,30,8,2007,0.028731917
918,31-08-2007,31,8,2007,0.027501596
919,04-09-2007,4,9,2007,0.0265908
920,05-09-2007,5,9,2007,0.02805473
921,06-09-2007,6,9,2007,0.028072947
922,07-09-2007,7,9,2007,0.030692283
923,10-09-2007,10,9,2007,0.031297447
924,11-09-2007,11,9,2007,0.029169805
925,12-09-2007,12,9,2007,0.029063628
926,13-09-2007,13,9,2007,0.028644441
927,14-09-2007,14,9,2007,0.028743648
928,17-09-2007,17,9,2007,0.02991178
929,18-09-2007,18,9,2007,0.025636951
930,19-09-2007,19,9,2007,0.02400489
931,20-09-2007,20,9,2007,0.024329609
932,21-09-2007,21,9,2007,0.023335197
933,24-09-2007,24,9,2007,0.024044177
934,25-09-2007,25,9,2007,0.023805859
935,26-09-2007,26,9,2007,0.022765351
936,27-09-2007,27,9,2007,0.021735642
937,28-09-2007,28,9,2007,0.02247152
938,01-10-2007,1,10,2007,0.022378207
939,02-10-2007,2,10,2007,0.02323422
940,03-10-2007,3,10,2007,0.024270578
941,04-10-2007,4,10,2007,0.024392808
942,05-10-2007,5,10,2007,0.022857297
943,09-10-2007,9,10,2007,0.022356346
944,10-10-2007,10,10,2007,0.023073912
945,11-10-2007,11,10,2007,0.025108561
946,12-10-2007,12,10,2007,0.024742076
947,15-10-2007,15,10,2007,0.025978019
948,16-10-2007,16,10,2007,0.027009581
949,17-10-2007,17,10,2007,0.026386958
950,18-10-2007,18,10,2007,0.026596654
951,19-10-2007,19,10,2007,0.030975514
952,22-10-2007,22,10,2007,0.029741903
953,23-10-2007,23,10,2007,0.028906666
954,24-10-2007,24,10,2007,0.029698005
955,25-10-2007,25,10,2007,0.029914572
956,26-10-2007,26,10,2007,0.028886846
957,29-10-2007,29,10,2007,0.028698239
958,30-10-2007,30,10,2007,0.029870108
959,31-10-2007,31,10,2007,0.02786219
960,01-11-2007,1,11,2007,0.032828469
961,02-11-2007,2,11,2007,0.033129817
962,05-11-2007,5,11,2007,0.034215288
963,06-11-2007,6,11,2007,0.032149267
964,07-11-2007,7,11,2007,0.037075276
965,08-11-2007,8,11,2007,0.037360669
966,09-11-2007,9,11,2007,0.039830371
967,13-11-2007,13,11,2007,0.035561592
968,14-11-2007,14,11,2007,0.037614109
969,15-11-2007,15,11,2007,0.04045925
970,16-11-2007,16,11,2007,0.039394781
971,19-11-2007,19,11,2007,0.041667751
972,20-11-2007,20,11,2007,0.040468055
973,21-11-2007,21,11,2007,0.042144046
974,23-11-2007,23,11,2007,0.039864905
975,26-11-2007,26,11,2007,0.044139116
976,27-11-2007,27,11,2007,0.040611855
977,28-11-2007,28,11,2007,0.037348823
978,29-11-2007,29,11,2007,0.037676226
979,30-11-2007,30,11,2007,0.03692108
980,03-12-2007,3,12,2007,0.037134121
981,04-12-2007,4,12,2007,0.037634856
982,05-12-2007,5,12,2007,0.035507736
983,06-12-2007,6,12,2007,0.033104034
984,07-12-2007,7,12,2007,0.033119025
985,10-12-2007,10,12,2007,0.032527664
986,11-12-2007,11,12,2007,0.035305377
987,12-12-2007,12,12,2007,0.033878061
988,13-12-2007,13,12,2007,0.034119504
989,14-12-2007,14,12,2007,0.034748546
990,17-12-2007,17,12,2007,0.037156294
991,18-12-2007,18,12,2007,0.036049029
992,19-12-2007,19,12,2007,0.034345877
993,20-12-2007,20,12,2007,0.033261088
994,21-12-2007,21,12,2007,0.031093369
995,24-12-2007,24,12,2007,0.030729937
996,26-12-2007,26,12,2007,0.030333701
997,27-12-2007,27,12,2007,0.032472736
998,28-12-2007,28,12,2007,0.035105837
999,31-12-2007,31,12,2007,0.034837443
1000,02-01-2008,2,1,2008,0.037002949
1001,03-01-2008,3,1,2008,0.035384874
1002,04-01-2008,4,1,2008,0.037623114
1003,07-01-2008,7,1,2008,0.036394108
1004,08-01-2008,8,1,2008,0.03935547
1005,09-01-2008,9,1,2008,0.037330198
1006,10-01-2008,10,1,2008,0.03666292
1007,11-01-2008,11,1,2008,0.03810967
1008,14-01-2008,14,1,2008,0.036840704
1009,15-01-2008,15,1,2008,0.038470831
1010,16-01-2008,16,1,2008,0.037531712
1011,17-01-2008,17,1,2008,0.042712024
1012,18-01-2008,18,1,2008,0.041030729
1013,22-01-2008,22,1,2008,0.04226398
1014,23-01-2008,23,1,2008,0.039198823
1015,24-01-2008,24,1,2008,0.0388157
1016,25-01-2008,25,1,2008,0.040734404
1017,28-01-2008,28,1,2008,0.038575149
1018,29-01-2008,29,1,2008,0.037775175
1019,30-01-2008,30,1,2008,0.03815799
1020,31-01-2008,31,1,2008,0.036087883
1021,01-02-2008,1,2,2008,0.034835867
1022,04-02-2008,4,2,2008,0.036779219
1023,05-02-2008,5,2,2008,0.04084646
1024,06-02-2008,6,2,2008,0.042653997
1025,07-02-2008,7,2,2008,0.040517541
1026,08-02-2008,8,2,2008,0.041071192
1027,11-02-2008,11,2,2008,0.040106807
1028,12-02-2008,12,2,2008,0.039869942
1029,13-02-2008,13,2,2008,0.038142569
1030,14-02-2008,14,2,2008,0.039041327
1031,15-02-2008,15,2,2008,0.039102155
1032,19-02-2008,19,2,2008,0.038857667
1033,20-02-2008,20,2,2008,0.037579584
1034,21-02-2008,21,2,2008,0.038104676
1035,22-02-2008,22,2,2008,0.036693594
1036,25-02-2008,25,2,2008,0.035648247
1037,26-02-2008,26,2,2008,0.034487096
1038,27-02-2008,27,2,2008,0.035310184
1039,28-02-2008,28,2,2008,0.036300997
1040,29-02-2008,29,2,2008,0.040725269
1041,03-03-2008,3,3,2008,0.039913493
1042,04-03-2008,4,3,2008,0.039744783
1043,05-03-2008,5,3,2008,0.038405453
1044,06-03-2008,6,3,2008,0.04195198
1045,07-03-2008,7,3,2008,0.042001832
1046,10-03-2008,10,3,2008,0.044649833
1047,11-03-2008,11,3,2008,0.041223407
1048,12-03-2008,12,3,2008,0.043258403
1049,13-03-2008,13,3,2008,0.04410936
1050,14-03-2008,14,3,2008,0.048487879
1051,17-03-2008,17,3,2008,0.047171485
1052,18-03-2008,18,3,2008,0.040345503
1053,19-03-2008,19,3,2008,0.045519862
1054,20-03-2008,20,3,2008,0.04258933
1055,24-03-2008,24,3,2008,0.041134648
1056,25-03-2008,25,3,2008,0.041241493
1057,26-03-2008,26,3,2008,0.042167501
1058,27-03-2008,27,3,2008,0.042616666
1059,28-03-2008,28,3,2008,0.042310766
1060,31-03-2008,31,3,2008,0.040895236
1061,01-04-2008,1,4,2008,0.036558379
1062,02-04-2008,2,4,2008,0.03777029
1063,03-04-2008,3,4,2008,0.037980626
1064,04-04-2008,4,4,2008,0.036706987
1065,07-04-2008,7,4,2008,0.035575512
1066,08-04-2008,8,4,2008,0.036006426
1067,09-04-2008,9,4,2008,0.036938854
1068,10-04-2008,10,4,2008,0.035815032
1069,11-04-2008,11,4,2008,0.037646139
1070,14-04-2008,14,4,2008,0.03788973
1071,15-04-2008,15,4,2008,0.037103549
1072,16-04-2008,16,4,2008,0.033706942
1073,17-04-2008,17,4,2008,0.034074318
1074,18-04-2008,18,4,2008,0.032000461
1075,21-04-2008,21,4,2008,0.031977525
1076,22-04-2008,22,4,2008,0.033243954
1077,23-04-2008,23,4,2008,0.033029847
1078,24-04-2008,24,4,2008,0.032009412
1079,25-04-2008,25,4,2008,0.030504812
1080,28-04-2008,28,4,2008,0.0297748
1081,29-04-2008,29,4,2008,0.030057244
1082,30-04-2008,30,4,2008,0.029912777
1083,01-05-2008,1,5,2008,0.027976615
1084,02-05-2008,2,5,2008,0.027415063
1085,05-05-2008,5,5,2008,0.028001654
1086,06-05-2008,6,5,2008,0.027879916
1087,07-05-2008,7,5,2008,0.029761668
1088,08-05-2008,8,5,2008,0.029494736
1089,09-05-2008,9,5,2008,0.0299539
1090,12-05-2008,12,5,2008,0.028936578
1091,13-05-2008,13,5,2008,0.028992237
1092,14-05-2008,14,5,2008,0.028532443
1093,15-05-2008,15,5,2008,0.027835783
1094,16-05-2008,16,5,2008,0.028822722
1095,19-05-2008,19,5,2008,0.029216383
1096,20-05-2008,20,5,2008,0.03059269
1097,21-05-2008,21,5,2008,0.032840597
1098,22-05-2008,22,5,2008,0.032611343
1099,23-05-2008,23,5,2008,0.033764305
1100,27-05-2008,27,5,2008,0.033171506
1101,28-05-2008,28,5,2008,0.032855099
1102,29-05-2008,29,5,2008,0.032430763
1103,30-05-2008,30,5,2008,0.031274752
1104,02-06-2008,2,6,2008,0.033183264
1105,03-06-2008,3,6,2008,0.03358837
1106,04-06-2008,4,6,2008,0.034137066
1107,05-06-2008,5,6,2008,0.032286095
1108,06-06-2008,6,6,2008,0.037508368
1109,09-06-2008,9,6,2008,0.036558136
1110,10-06-2008,10,6,2008,0.03640304
1111,11-06-2008,11,6,2008,0.037140945
1112,12-06-2008,12,6,2008,0.036323725
1113,13-06-2008,13,6,2008,0.033824956
1114,16-06-2008,16,6,2008,0.032817632
1115,17-06-2008,17,6,2008,0.032861252
1116,18-06-2008,18,6,2008,0.034753762
1117,19-06-2008,19,6,2008,0.033394927
1118,20-06-2008,20,6,2008,0.034576797
1119,23-06-2008,23,6,2008,0.034440306
1120,24-06-2008,24,6,2008,0.034421264
1121,25-06-2008,25,6,2008,0.032863867
1122,26-06-2008,26,6,2008,0.036285385
1123,27-06-2008,27,6,2008,0.036015202
1124,30-06-2008,30,6,2008,0.035406558
1125,01-07-2008,1,7,2008,0.03544683
1126,02-07-2008,2,7,2008,0.037381126
1127,03-07-2008,3,7,2008,0.036596091
1128,07-07-2008,7,7,2008,0.037199478
1129,08-07-2008,8,7,2008,0.034295037
1130,09-07-2008,9,7,2008,0.037155863
1131,10-07-2008,10,7,2008,0.037403382
1132,11-07-2008,11,7,2008,0.039177793
1133,14-07-2008,14,7,2008,0.04001579
1134,15-07-2008,15,7,2008,0.040663882
1135,16-07-2008,16,7,2008,0.036439114
1136,17-07-2008,17,7,2008,0.035519123
1137,18-07-2008,18,7,2008,0.035645497
1138,21-07-2008,21,7,2008,0.03484665
1139,22-07-2008,22,7,2008,0.032368144
1140,23-07-2008,23,7,2008,0.032682617
1141,24-07-2008,24,7,2008,0.035443361
1142,25-07-2008,25,7,2008,0.035034737
1143,28-07-2008,28,7,2008,0.037040106
1144,29-07-2008,29,7,2008,0.033863063
1145,30-07-2008,30,7,2008,0.032276817
1146,31-07-2008,31,7,2008,0.034141396
1147,01-08-2008,1,8,2008,0.034840765
1148,04-08-2008,4,8,2008,0.03546649
1149,05-08-2008,5,8,2008,0.03238303
1150,06-08-2008,6,8,2008,0.032147758
1151,07-08-2008,7,8,2008,0.033771797
1152,08-08-2008,8,8,2008,0.033000925
1153,11-08-2008,11,8,2008,0.032801804
1154,12-08-2008,12,8,2008,0.034249547
1155,13-08-2008,13,8,2008,0.035003463
1156,14-08-2008,14,8,2008,0.033962283
1157,15-08-2008,15,8,2008,0.033380637
1158,18-08-2008,18,8,2008,0.034766518
1159,19-08-2008,19,8,2008,0.035637911
1160,20-08-2008,20,8,2008,0.034701838
1161,21-08-2008,21,8,2008,0.034474192
1162,22-08-2008,22,8,2008,0.034012694
1163,25-08-2008,25,8,2008,0.035776337
1164,26-08-2008,26,8,2008,0.035612441
1165,27-08-2008,27,8,2008,0.034654234
1166,28-08-2008,28,8,2008,0.033654287
1167,29-08-2008,29,8,2008,0.035192494
1168,02-09-2008,2,9,2008,0.035792734
1169,03-09-2008,3,9,2008,0.035670189
1170,04-09-2008,4,9,2008,0.038214904
1171,05-09-2008,5,9,2008,0.037523701
1172,08-09-2008,8,9,2008,0.036055564
1173,09-09-2008,9,9,2008,0.039230248
1174,10-09-2008,10,9,2008,0.037903623
1175,11-09-2008,11,9,2008,0.037311339
1176,12-09-2008,12,9,2008,0.038055589
1177,15-09-2008,15,9,2008,0.043432616
1178,16-09-2008,16,9,2008,0.041517292
1179,17-09-2008,17,9,2008,0.048046266
1180,18-09-2008,18,9,2008,0.043229541
1181,19-09-2008,19,9,2008,0.040968876
1182,22-09-2008,22,9,2008,0.045781313
1183,23-09-2008,23,9,2008,0.047637223
1184,24-09-2008,24,9,2008,0.047683837
1185,25-09-2008,25,9,2008,0.044271849
1186,26-09-2008,26,9,2008,0.044640917
1187,29-09-2008,29,9,2008,0.060384403
1188,30-09-2008,30,9,2008,0.049586451
1189,01-10-2008,1,10,2008,0.052578138
1190,02-10-2008,2,10,2008,0.05990533
1191,03-10-2008,3,10,2008,0.059490016
1192,06-10-2008,6,10,2008,0.062098682
1193,07-10-2008,7,10,2008,0.068308932
1194,08-10-2008,8,10,2008,0.07242573
1195,09-10-2008,9,10,2008,0.084507928
1196,10-10-2008,10,10,2008,0.086293806
1197,14-10-2008,14,10,2008,0.072300599
1198,15-10-2008,15,10,2008,0.087795953
1199,16-10-2008,16,10,2008,0.083233307
1200,17-10-2008,17,10,2008,0.089010488
1201,20-10-2008,20,10,2008,0.078380287
1202,21-10-2008,21,10,2008,0.078925923
1203,22-10-2008,22,10,2008,0.094744502
1204,23-10-2008,23,10,2008,0.092942013
1205,24-10-2008,24,10,2008,0.112962206
1206,27-10-2008,27,10,2008,0.11562426
1207,28-10-2008,28,10,2008,0.097000281
1208,29-10-2008,29,10,2008,0.106778395
1209,30-10-2008,30,10,2008,0.103693377
1210,31-10-2008,31,10,2008,0.103220467
1211,03-11-2008,3,11,2008,0.098387022
1212,04-11-2008,4,11,2008,0.088113922
1213,05-11-2008,5,11,2008,0.097879529
1214,06-11-2008,6,11,2008,0.111556211
1215,07-11-2008,7,11,2008,0.102586906
1216,10-11-2008,10,11,2008,0.10533914
1217,12-11-2008,12,11,2008,0.119136256
1218,13-11-2008,13,11,2008,0.107229021
1219,14-11-2008,14,11,2008,0.122275893
1220,17-11-2008,17,11,2008,0.130656485
1221,18-11-2008,18,11,2008,0.128833121
1222,19-11-2008,19,11,2008,0.147790284
1223,20-11-2008,20,11,2008,0.160957052
1224,21-11-2008,21,11,2008,0.138586616
1225,24-11-2008,24,11,2008,0.124427185
1226,25-11-2008,25,11,2008,0.122486439
1227,26-11-2008,26,11,2008,0.114955617
1228,28-11-2008,28,11,2008,0.117666949
1229,01-12-2008,1,12,2008,0.143940375
1230,02-12-2008,2,12,2008,0.136181073
1231,03-12-2008,3,12,2008,0.132314076
1232,04-12-2008,4,12,2008,0.145137915
1233,05-12-2008,5,12,2008,0.137732349
1234,08-12-2008,8,12,2008,0.131458311
1235,09-12-2008,9,12,2008,0.137436386
1236,10-12-2008,10,12,2008,0.132221776
1237,11-12-2008,11,12,2008,0.130946
1238,12-12-2008,12,12,2008,0.129040495
1239,15-12-2008,15,12,2008,0.131640784
1240,16-12-2008,16,12,2008,0.118375621
1241,17-12-2008,17,12,2008,0.117003839
1242,18-12-2008,18,12,2008,0.113492243
1243,19-12-2008,19,12,2008,0.105534377
1244,22-12-2008,22,12,2008,0.104731
1245,23-12-2008,23,12,2008,0.10475563
1246,24-12-2008,24,12,2008,0.103125735
1247,26-12-2008,26,12,2008,0.101532112
1248,29-12-2008,29,12,2008,0.101592861
1249,30-12-2008,30,12,2008,0.096003659
1250,31-12-2008,31,12,2008,0.091654268
1251,02-01-2009,2,1,2009,0.084084489
1252,05-01-2009,5,1,2009,0.084174346
1253,06-01-2009,6,1,2009,0.082818277
1254,07-01-2009,7,1,2009,0.089547389
1255,08-01-2009,8,1,2009,0.089461328
1256,09-01-2009,9,1,2009,0.091707256
1257,12-01-2009,12,1,2009,0.098368524
1258,13-01-2009,13,1,2009,0.097102609
1259,14-01-2009,14,1,2009,0.106359434
1260,15-01-2009,15,1,2009,0.107955637
1261,16-01-2009,16,1,2009,0.103674208
1262,20-01-2009,20,1,2009,0.119383542
1263,21-01-2009,21,1,2009,0.103154257
1264,22-01-2009,22,1,2009,0.104941022
1265,23-01-2009,23,1,2009,0.103074168
1266,26-01-2009,26,1,2009,0.099430152
1267,27-01-2009,27,1,2009,0.095234458
1268,28-01-2009,28,1,2009,0.088137424
1269,29-01-2009,29,1,2009,0.092622811
1270,30-01-2009,30,1,2009,0.09705531
1271,02-02-2009,2,2,2009,0.094838348
1272,03-02-2009,3,2,2009,0.090223198
1273,04-02-2009,4,2,2009,0.090701994
1274,05-02-2009,5,2,2009,0.089275171
1275,06-02-2009,6,2,2009,0.0872996
1276,09-02-2009,9,2,2009,0.087115471
1277,10-02-2009,10,2,2009,0.096252526
1278,11-02-2009,11,2,2009,0.090911077
1279,12-02-2009,12,2,2009,0.089002334
1280,13-02-2009,13,2,2009,0.088445162
1281,17-02-2009,17,2,2009,0.096002858
1282,18-02-2009,18,2,2009,0.095971346
1283,19-02-2009,19,2,2009,0.096925515
1284,20-02-2009,20,2,2009,0.09942786
1285,23-02-2009,23,2,2009,0.107334499
1286,24-02-2009,24,2,2009,0.093788473
1287,25-02-2009,25,2,2009,0.095550979
1288,26-02-2009,26,2,2009,0.096686062
1289,27-02-2009,27,2,2009,0.098051664
1290,02-03-2009,2,3,2009,0.109109925
1291,03-03-2009,3,3,2009,0.103284558
1292,04-03-2009,4,3,2009,0.092792377
1293,05-03-2009,5,3,2009,0.099688746
1294,06-03-2009,6,3,2009,0.09676158
1295,09-03-2009,9,3,2009,0.096407827
1296,10-03-2009,10,3,2009,0.084873645
1297,11-03-2009,11,3,2009,0.086934664
1298,12-03-2009,12,3,2009,0.08321049
1299,13-03-2009,13,3,2009,0.086714667
1300,16-03-2009,16,3,2009,0.089085339
1301,17-03-2009,17,3,2009,0.083250543
1302,18-03-2009,18,3,2009,0.083204409
1303,19-03-2009,19,3,2009,0.091564732
1304,20-03-2009,20,3,2009,0.098963546
1305,23-03-2009,23,3,2009,0.088969067
1306,24-03-2009,24,3,2009,0.091337858
1307,25-03-2009,25,3,2009,0.088486353
1308,26-03-2009,26,3,2009,0.085978763
1309,27-03-2009,27,3,2009,0.09027024
1310,30-03-2009,30,3,2009,0.098910443
1311,31-03-2009,31,3,2009,0.095375342
1312,01-04-2009,1,4,2009,0.093983668
1313,02-04-2009,2,4,2009,0.094086254
1314,03-04-2009,3,4,2009,0.092892773
1315,06-04-2009,6,4,2009,0.093099425
1316,07-04-2009,7,4,2009,0.094502137
1317,08-04-2009,8,4,2009,0.091966914
1318,09-04-2009,9,4,2009,0.08773227
1319,13-04-2009,13,4,2009,0.08719774
1320,14-04-2009,14,4,2009,0.089262835
1321,15-04-2009,15,4,2009,0.086857896
1322,16-04-2009,16,4,2009,0.0848228
1323,17-04-2009,17,4,2009,0.080949352
1324,20-04-2009,20,4,2009,0.087018864
1325,21-04-2009,21,4,2009,0.084855668
1326,22-04-2009,22,4,2009,0.084555769
1327,23-04-2009,23,4,2009,0.085337734
1328,24-04-2009,24,4,2009,0.084551678
1329,27-04-2009,27,4,2009,0.084614335
1330,28-04-2009,28,4,2009,0.084688752
1331,29-04-2009,29,4,2009,0.080085796
1332,30-04-2009,30,4,2009,0.080524433
1333,01-05-2009,1,5,2009,0.078310772
1334,04-05-2009,4,5,2009,0.073438556
1335,05-05-2009,5,5,2009,0.073882125
1336,06-05-2009,6,5,2009,0.069450694
1337,07-05-2009,7,5,2009,0.070867436
1338,08-05-2009,8,5,2009,0.065807415
1339,11-05-2009,11,5,2009,0.068466692
1340,12-05-2009,12,5,2009,0.066349978
1341,13-05-2009,13,5,2009,0.068621606
1342,14-05-2009,14,5,2009,0.063247555
1343,15-05-2009,15,5,2009,0.065781609
1344,18-05-2009,18,5,2009,0.059719761
1345,19-05-2009,19,5,2009,0.057913476
1346,20-05-2009,20,5,2009,0.057735303
1347,21-05-2009,21,5,2009,0.061561299
1348,22-05-2009,22,5,2009,0.062693487
1349,26-05-2009,26,5,2009,0.058479114
1350,27-05-2009,27,5,2009,0.06077697
1351,28-05-2009,28,5,2009,0.059523098
1352,29-05-2009,29,5,2009,0.057378856
1353,01-06-2009,1,6,2009,0.055636798
1354,02-06-2009,2,6,2009,0.055386791
1355,03-06-2009,3,6,2009,0.059348279
1356,04-06-2009,4,6,2009,0.058368672
1357,05-06-2009,5,6,2009,0.058862587
1358,08-06-2009,8,6,2009,0.058881222
1359,09-06-2009,9,6,2009,0.056968885
1360,10-06-2009,10,6,2009,0.0569187
1361,11-06-2009,11,6,2009,0.054260315
1362,12-06-2009,12,6,2009,0.053323113
1363,15-06-2009,15,6,2009,0.056976513
1364,16-06-2009,16,6,2009,0.058594494
1365,17-06-2009,17,6,2009,0.05854685
1366,18-06-2009,18,6,2009,0.05699258
1367,19-06-2009,19,6,2009,0.056606654
1368,22-06-2009,22,6,2009,0.061587958
1369,23-06-2009,23,6,2009,0.059501249
1370,24-06-2009,24,6,2009,0.058501853
1371,25-06-2009,25,6,2009,0.055159062
1372,26-06-2009,26,6,2009,0.054178463
1373,29-06-2009,29,6,2009,0.051299893
1374,30-06-2009,30,6,2009,0.052218807
1375,01-07-2009,1,7,2009,0.051910923
1376,02-07-2009,2,7,2009,0.055635959
1377,06-07-2009,6,7,2009,0.055452864
1378,07-07-2009,7,7,2009,0.058291154
1379,08-07-2009,8,7,2009,0.059220508
1380,09-07-2009,9,7,2009,0.058639332
1381,10-07-2009,10,7,2009,0.058998129
1382,13-07-2009,13,7,2009,0.05615266
1383,14-07-2009,14,7,2009,0.055311324
1384,15-07-2009,15,7,2009,0.053078275
1385,16-07-2009,16,7,2009,0.052475819
1386,17-07-2009,17,7,2009,0.052030737
1387,20-07-2009,20,7,2009,0.050146168
1388,21-07-2009,21,7,2009,0.049882104
1389,22-07-2009,22,7,2009,0.049190641
1390,23-07-2009,23,7,2009,0.048231966
1391,24-07-2009,24,7,2009,0.048063715
1392,27-07-2009,27,7,2009,0.048051705
1393,28-07-2009,28,7,2009,0.049752768
1394,29-07-2009,29,7,2009,0.050721828
1395,30-07-2009,30,7,2009,0.049641945
1396,31-07-2009,31,7,2009,0.049582785
1397,03-08-2009,3,8,2009,0.04853836
1398,04-08-2009,4,8,2009,0.048089353
1399,05-08-2009,5,8,2009,0.047872281
1400,06-08-2009,6,8,2009,0.049173274
1401,07-08-2009,7,8,2009,0.047560581
1402,10-08-2009,10,8,2009,0.047612415
1403,11-08-2009,11,8,2009,0.049401702
1404,12-08-2009,12,8,2009,0.048847266
1405,13-08-2009,13,8,2009,0.048212214
1406,14-08-2009,14,8,2009,0.048274156
1407,17-08-2009,17,8,2009,0.052641915
1408,18-08-2009,18,8,2009,0.05097226
1409,19-08-2009,19,8,2009,0.051237286
1410,20-08-2009,20,8,2009,0.050038326
1411,21-08-2009,21,8,2009,0.049288362
1412,24-08-2009,24,8,2009,0.049726253
1413,25-08-2009,25,8,2009,0.050035728
1414,26-08-2009,26,8,2009,0.050758887
1415,27-08-2009,27,8,2009,0.050494051
1416,28-08-2009,28,8,2009,0.05073298
1417,31-08-2009,31,8,2009,0.051973857
1418,01-09-2009,1,9,2009,0.055285575
1419,02-09-2009,2,9,2009,0.056417072
1420,03-09-2009,3,9,2009,0.053240474
1421,04-09-2009,4,9,2009,0.051339024
1422,08-09-2009,8,9,2009,0.050571647
1423,09-09-2009,9,9,2009,0.048592103
1424,10-09-2009,10,9,2009,0.046222449
1425,11-09-2009,11,9,2009,0.047003062
1426,14-09-2009,14,9,2009,0.046495757
1427,15-09-2009,15,9,2009,0.046231482
1428,16-09-2009,16,9,2009,0.045244968
1429,17-09-2009,17,9,2009,0.045824172
1430,18-09-2009,18,9,2009,0.046109159
1431,21-09-2009,21,9,2009,0.046431012
1432,22-09-2009,22,9,2009,0.045987937
1433,23-09-2009,23,9,2009,0.046931955
1434,24-09-2009,24,9,2009,0.048935176
1435,25-09-2009,25,9,2009,0.048398307
1436,28-09-2009,28,9,2009,0.046738955
1437,29-09-2009,29,9,2009,0.046839737
1438,30-09-2009,30,9,2009,0.047018307
1439,01-10-2009,1,10,2009,0.050569765
1440,02-10-2009,2,10,2009,0.050761211
1441,05-10-2009,5,10,2009,0.047967327
1442,06-10-2009,6,10,2009,0.046193088
1443,07-10-2009,7,10,2009,0.045690666
1444,08-10-2009,8,10,2009,0.045170085
1445,09-10-2009,9,10,2009,0.043516203
1446,13-10-2009,13,10,2009,0.04341703
1447,14-10-2009,14,10,2009,0.042767184
1448,15-10-2009,15,10,2009,0.041821438
1449,16-10-2009,16,10,2009,0.042167456
1450,19-10-2009,19,10,2009,0.041034547
1451,20-10-2009,20,10,2009,0.041467221
1452,21-10-2009,21,10,2009,0.042142839
1453,22-10-2009,22,10,2009,0.040350869
1454,23-10-2009,23,10,2009,0.042029888
1455,26-10-2009,26,10,2009,0.043644641
1456,27-10-2009,27,10,2009,0.043670318
1457,28-10-2009,28,10,2009,0.046362615
1458,29-10-2009,29,10,2009,0.043308941
1459,30-10-2009,30,10,2009,0.048323286
1460,02-11-2009,2,11,2009,0.048304277
1461,03-11-2009,3,11,2009,0.049069144
1462,04-11-2009,4,11,2009,0.048746155
1463,05-11-2009,5,11,2009,0.045697759
1464,06-11-2009,6,11,2009,0.044892917
1465,09-11-2009,9,11,2009,0.04279192
1466,10-11-2009,10,11,2009,0.04351153
1467,11-11-2009,11,11,2009,#N/A
1468,12-11-2009,12,11,2009,0.046766925
1469,13-11-2009,13,11,2009,0.045936121
1470,16-11-2009,16,11,2009,0.044754346
1471,17-11-2009,17,11,2009,0.044850863
1472,18-11-2009,18,11,2009,0.04490006
1473,19-11-2009,19,11,2009,0.046264814
1474,20-11-2009,20,11,2009,0.045600085
1475,23-11-2009,23,11,2009,0.043756845
1476,24-11-2009,24,11,2009,0.043024573
1477,25-11-2009,25,11,2009,0.042830095
1478,27-11-2009,27,11,2009,0.046936327
1479,30-11-2009,30,11,2009,0.046756067
1480,01-12-2009,1,12,2009,0.04469197
1481,02-12-2009,2,12,2009,0.044683471
1482,03-12-2009,3,12,2009,0.045844252
1483,04-12-2009,4,12,2009,0.045060132
1484,07-12-2009,7,12,2009,0.045163176
1485,08-12-2009,8,12,2009,0.046531447
1486,09-12-2009,9,12,2009,0.045833052
1487,10-12-2009,10,12,2009,0.045257974
1488,11-12-2009,11,12,2009,0.044404678
1489,14-12-2009,14,12,2009,0.043722119
1490,15-12-2009,15,12,2009,0.04375711
1491,16-12-2009,16,12,2009,0.042110984
1492,17-12-2009,17,12,2009,0.043181822
1493,18-12-2009,18,12,2009,0.04233608
1494,21-12-2009,21,12,2009,0.040781452
1495,22-12-2009,22,12,2009,0.039370971
1496,23-12-2009,23,12,2009,0.039261149
1497,24-12-2009,24,12,2009,0.038421487
1498,28-12-2009,28,12,2009,0.038125991
1499,29-12-2009,29,12,2009,0.038255013
1500,30-12-2009,30,12,2009,0.038090841
1501,31-12-2009,31,12,2009,0.039760134
1502,04-01-2010,4,1,2010,0.038000606
1503,05-01-2010,5,1,2010,0.036979602
1504,06-01-2010,6,1,2010,0.035382347
1505,07-01-2010,7,1,2010,0.034586467
1506,08-01-2010,8,1,2010,0.03302213
1507,11-01-2010,11,1,2010,0.032264039
1508,12-01-2010,12,1,2010,0.033288773
1509,13-01-2010,13,1,2010,0.031606548
1510,14-01-2010,14,1,2010,0.030888086
1511,15-01-2010,15,1,2010,0.03236598
1512,19-01-2010,19,1,2010,0.030857514
1513,20-01-2010,20,1,2010,0.031583744
1514,21-01-2010,21,1,2010,0.033966207
1515,22-01-2010,22,1,2010,0.038809619
1516,25-01-2010,25,1,2010,0.036949034
1517,26-01-2010,26,1,2010,0.036875303
1518,27-01-2010,27,1,2010,0.036169638
1519,28-01-2010,28,1,2010,0.036887266
1520,29-01-2010,29,1,2010,0.038295752
1521,01-02-2010,1,2,2010,0.035544289
1522,02-02-2010,2,2,2010,0.03397201
1523,03-02-2010,3,2,2010,0.034743072
1524,04-02-2010,4,2,2010,0.040006032
1525,05-02-2010,5,2,2010,0.040446954
1526,08-02-2010,8,2,2010,0.041363286
1527,09-02-2010,9,2,2010,0.04049454
1528,10-02-2010,10,2,2010,0.040252569
1529,11-02-2010,11,2,2010,0.038349685
1530,12-02-2010,12,2,2010,0.038446959
1531,16-02-2010,16,2,2010,0.036262293
1532,17-02-2010,17,2,2010,0.035547052
1533,18-02-2010,18,2,2010,0.033889713
1534,19-02-2010,19,2,2010,0.032955549
1535,22-02-2010,22,2,2010,0.032424059
1536,23-02-2010,23,2,2010,0.034109598
1537,24-02-2010,24,2,2010,0.032735899
1538,25-02-2010,25,2,2010,0.033006571
1539,26-02-2010,26,2,2010,0.032458993
1540,01-03-2010,1,3,2010,0.031632493
1541,02-03-2010,2,3,2010,0.030955111
1542,03-03-2010,3,3,2010,0.030345048
1543,04-03-2010,4,3,2010,0.030690453
1544,05-03-2010,5,3,2010,0.029454533
1545,08-03-2010,8,3,2010,0.029339801
1546,09-03-2010,9,3,2010,0.029325708
1547,10-03-2010,10,3,2010,0.030089381
1548,11-03-2010,11,3,2010,0.030730515
1549,12-03-2010,12,3,2010,0.030461795
1550,15-03-2010,15,3,2010,0.030611356
1551,16-03-2010,16,3,2010,0.029789166
1552,17-03-2010,17,3,2010,0.028992815
1553,18-03-2010,18,3,2010,0.028991588
1554,19-03-2010,19,3,2010,0.03006515
1555,22-03-2010,22,3,2010,0.029774259
1556,23-03-2010,23,3,2010,0.029050633
1557,24-03-2010,24,3,2010,0.030071648
1558,25-03-2010,25,3,2010,0.030659272
1559,26-03-2010,26,3,2010,0.030132286
1560,29-03-2010,29,3,2010,0.02953027
1561,30-03-2010,30,3,2010,0.02934604
1562,31-03-2010,31,3,2010,0.029745419
1563,01-04-2010,1,4,2010,0.029829813
1564,05-04-2010,5,4,2010,0.028785217
1565,06-04-2010,6,4,2010,0.028531381
1566,07-04-2010,7,4,2010,0.028873944
1567,08-04-2010,8,4,2010,0.028872959
1568,09-04-2010,9,4,2010,0.028526451
1569,12-04-2010,12,4,2010,0.028703584
1570,13-04-2010,13,4,2010,0.02894304
1571,14-04-2010,14,4,2010,0.028769873
1572,15-04-2010,15,4,2010,0.029553616
1573,16-04-2010,16,4,2010,0.031660403
1574,19-04-2010,19,4,2010,0.032028988
1575,20-04-2010,20,4,2010,0.030654109
1576,21-04-2010,21,4,2010,0.031304709
1577,22-04-2010,22,4,2010,0.03129654
1578,23-04-2010,23,4,2010,0.031022405
1579,26-04-2010,26,4,2010,0.031818524
1580,27-04-2010,27,4,2010,0.036148821
1581,28-04-2010,28,4,2010,0.035446657
1582,29-04-2010,29,4,2010,0.03351926
1583,30-04-2010,30,4,2010,0.037967437
1584,03-05-2010,3,5,2010,0.035853063
1585,04-05-2010,4,5,2010,0.041109094
1586,05-05-2010,5,5,2010,0.04413306
1587,06-05-2010,6,5,2010,0.054171098
1588,07-05-2010,7,5,2010,0.06293571
1589,10-05-2010,10,5,2010,0.047834334
1590,11-05-2010,11,5,2010,0.04722233
1591,12-05-2010,12,5,2010,0.042168259
1592,13-05-2010,13,5,2010,0.043394478
1593,14-05-2010,14,5,2010,0.049280568
1594,17-05-2010,17,5,2010,0.049697405
1595,18-05-2010,18,5,2010,0.053689404
1596,19-05-2010,19,5,2010,0.057091654
1597,20-05-2010,20,5,2010,0.073518191
1598,21-05-2010,21,5,2010,0.067671921
1599,24-05-2010,24,5,2010,0.066297566
1600,25-05-2010,25,5,2010,0.063550423
1601,26-05-2010,26,5,2010,0.061316412
1602,27-05-2010,27,5,2010,0.052890461
1603,28-05-2010,28,5,2010,0.055089833
1604,01-06-2010,1,6,2010,0.058138402
1605,02-06-2010,2,6,2010,0.05145688
1606,03-06-2010,3,6,2010,0.050030853
1607,04-06-2010,4,6,2010,0.057840486
1608,07-06-2010,7,6,2010,0.058995691
1609,08-06-2010,8,6,2010,0.056908773
1610,09-06-2010,9,6,2010,0.058344541
1611,10-06-2010,10,6,2010,0.053687746
1612,11-06-2010,11,6,2010,0.052324768
1613,14-06-2010,14,6,2010,0.052228308
1614,15-06-2010,15,6,2010,0.046303099
1615,16-06-2010,16,6,2010,0.046313747
1616,17-06-2010,17,6,2010,0.045004508
1617,18-06-2010,18,6,2010,0.043458839
1618,21-06-2010,21,6,2010,0.043944626
1619,22-06-2010,22,6,2010,0.047126975
1620,23-06-2010,23,6,2010,0.047779422
1621,24-06-2010,24,6,2010,0.052344743
1622,25-06-2010,25,6,2010,0.051735231
1623,28-06-2010,28,6,2010,0.052360423
1624,29-06-2010,29,6,2010,0.061345013
1625,30-06-2010,30,6,2010,0.063634059
1626,01-07-2010,1,7,2010,0.06418239
1627,02-07-2010,2,7,2010,0.062802293
1628,06-07-2010,6,7,2010,0.060750109
1629,07-07-2010,7,7,2010,0.05508832
1630,08-07-2010,8,7,2010,0.053057691
1631,09-07-2010,9,7,2010,0.051613133
1632,12-07-2010,12,7,2010,0.051969141
1633,13-07-2010,13,7,2010,0.050358743
1634,14-07-2010,14,7,2010,0.052165449
1635,15-07-2010,15,7,2010,0.053575131
1636,16-07-2010,16,7,2010,0.058197267
1637,19-07-2010,19,7,2010,0.05621748
1638,20-07-2010,20,7,2010,0.051743493
1639,21-07-2010,21,7,2010,0.05367397
1640,22-07-2010,22,7,2010,0.050218268
1641,23-07-2010,23,7,2010,0.049194589
1642,26-07-2010,26,7,2010,0.046965235
1643,27-07-2010,27,7,2010,0.046173895
1644,28-07-2010,28,7,2010,0.046494419
1645,29-07-2010,29,7,2010,0.046220312
1646,30-07-2010,30,7,2010,0.04610173
1647,02-08-2010,2,8,2010,0.042580374
1648,03-08-2010,3,8,2010,0.04378377
1649,04-08-2010,4,8,2010,0.043311013
1650,05-08-2010,5,8,2010,0.044164497
1651,06-08-2010,6,8,2010,0.044517085
1652,09-08-2010,9,8,2010,0.043911045
1653,10-08-2010,10,8,2010,0.045054444
1654,11-08-2010,11,8,2010,0.050694555
1655,12-08-2010,12,8,2010,0.051915445
1656,13-08-2010,13,8,2010,0.054342865
1657,16-08-2010,16,8,2010,0.054019874
1658,17-08-2010,17,8,2010,0.051719103
1659,18-08-2010,18,8,2010,0.050910629
1660,19-08-2010,19,8,2010,0.054312524
1661,20-08-2010,20,8,2010,0.055287953
1662,23-08-2010,23,8,2010,0.055023853
1663,24-08-2010,24,8,2010,0.057566906
1664,25-08-2010,25,8,2010,0.056826757
1665,26-08-2010,26,8,2010,0.057996056
1666,27-08-2010,27,8,2010,0.054136815
1667,30-08-2010,30,8,2010,0.05704272
1668,31-08-2010,31,8,2010,0.057365407
1669,01-09-2010,1,9,2010,0.053055839
1670,02-09-2010,2,9,2010,0.051043798
1671,03-09-2010,3,9,2010,0.048187056
1672,07-09-2010,7,9,2010,0.050615274
1673,08-09-2010,8,9,2010,0.049824869
1674,09-09-2010,9,9,2010,0.048486154
1675,10-09-2010,10,9,2010,0.047190971
1676,13-09-2010,13,9,2010,0.044952146
1677,14-09-2010,14,9,2010,0.04477605
1678,15-09-2010,15,9,2010,0.044908784
1679,16-09-2010,16,9,2010,0.04549617
1680,17-09-2010,17,9,2010,0.045673367
1681,20-09-2010,20,9,2010,0.044084624
1682,21-09-2010,21,9,2010,0.044888687
1683,22-09-2010,22,9,2010,0.046069702
1684,23-09-2010,23,9,2010,0.048113873
1685,24-09-2010,24,9,2010,0.045063195
1686,27-09-2010,27,9,2010,0.045996198
1687,28-09-2010,28,9,2010,0.046156887
1688,29-09-2010,29,9,2010,0.047453385
1689,30-09-2010,30,9,2010,0.048466645
1690,01-10-2010,1,10,2010,0.047583715
1691,04-10-2010,4,10,2010,0.049256759
1692,05-10-2010,5,10,2010,0.046524365
1693,06-10-2010,6,10,2010,0.046755025
1694,07-10-2010,7,10,2010,0.047329874
1695,08-10-2010,8,10,2010,0.04560162
1696,11-10-2010,11,10,2010,#N/A
1697,12-10-2010,12,10,2010,0.044086694
1698,13-10-2010,13,10,2010,0.043172706
1699,14-10-2010,14,10,2010,0.044236964
1700,15-10-2010,15,10,2010,0.0438515
1701,18-10-2010,18,10,2010,0.042163839
1702,19-10-2010,19,10,2010,0.044344129
1703,20-10-2010,20,10,2010,0.042200114
1704,21-10-2010,21,10,2010,0.040909402
1705,22-10-2010,22,10,2010,0.039903305
1706,25-10-2010,25,10,2010,0.039256733
1707,26-10-2010,26,10,2010,0.039216337
1708,27-10-2010,27,10,2010,0.039648219
1709,28-10-2010,28,10,2010,0.039525233
1710,29-10-2010,29,10,2010,0.039216359
1711,01-11-2010,1,11,2010,0.039796925
1712,02-11-2010,2,11,2010,0.038787703
1713,03-11-2010,3,11,2010,0.036609307
1714,04-11-2010,4,11,2010,0.033639553
1715,05-11-2010,5,11,2010,0.03427855
1716,08-11-2010,8,11,2010,0.034614032
1717,09-11-2010,9,11,2010,0.035766653
1718,10-11-2010,10,11,2010,0.035476377
1719,11-11-2010,11,11,2010,#N/A
1720,12-11-2010,12,11,2010,0.038768697
1721,15-11-2010,15,11,2010,0.038139934
1722,16-11-2010,16,11,2010,0.041411858
1723,17-11-2010,17,11,2010,0.040819726
1724,18-11-2010,18,11,2010,0.038179396
1725,19-11-2010,19,11,2010,0.037410425
1726,22-11-2010,22,11,2010,0.036371131
1727,23-11-2010,23,11,2010,0.038482929
1728,24-11-2010,24,11,2010,0.037200689
1729,26-11-2010,26,11,2010,0.039563726
1730,29-11-2010,29,11,2010,0.040009539
1731,30-11-2010,30,11,2010,0.042348122
1732,01-12-2010,1,12,2010,0.040686536
1733,02-12-2010,2,12,2010,0.037554759
1734,03-12-2010,3,12,2010,0.035794837
1735,06-12-2010,6,12,2010,0.035590798
1736,07-12-2010,7,12,2010,0.035213876
1737,08-12-2010,8,12,2010,0.03405434
1738,09-12-2010,9,12,2010,0.032824034
1739,10-12-2010,10,12,2010,0.032083739
1740,13-12-2010,13,12,2010,0.032521115
1741,14-12-2010,14,12,2010,0.03236466
1742,15-12-2010,15,12,2010,0.03327639
1743,16-12-2010,16,12,2010,0.033050213
1744,17-12-2010,17,12,2010,0.032730183
1745,20-12-2010,20,12,2010,0.032254475
1746,21-12-2010,21,12,2010,0.032130038
1747,22-12-2010,22,12,2010,0.031957014
1748,23-12-2010,23,12,2010,0.033338653
1749,27-12-2010,27,12,2010,0.034213918
1750,28-12-2010,28,12,2010,0.034548971
1751,29-12-2010,29,12,2010,0.034386034
1752,30-12-2010,30,12,2010,0.034804078
1753,31-12-2010,31,12,2010,0.035047086
1754,03-01-2011,3,1,2011,0.034021264
1755,04-01-2011,4,1,2011,0.033902366
1756,05-01-2011,5,1,2011,0.032580436
1757,06-01-2011,6,1,2011,0.032833205
1758,07-01-2011,7,1,2011,0.032888318
1759,10-01-2011,10,1,2011,0.032966785
1760,11-01-2011,11,1,2011,0.032374304
1761,12-01-2011,12,1,2011,0.030863684
1762,13-01-2011,13,1,2011,0.030808777
1763,14-01-2011,14,1,2011,0.029511397
1764,18-01-2011,18,1,2011,0.029320159
1765,19-01-2011,19,1,2011,0.030962507
1766,20-01-2011,20,1,2011,0.030994054
1767,21-01-2011,21,1,2011,0.031183001
1768,24-01-2011,24,1,2011,0.029999925
1769,25-01-2011,25,1,2011,0.029298039
1770,26-01-2011,26,1,2011,0.028250398
1771,27-01-2011,27,1,2011,0.027346239
1772,28-01-2011,28,1,2011,0.029879534
1773,31-01-2011,31,1,2011,#N/A
1774,01-02-2011,1,2,2011,0.026804579
1775,02-02-2011,2,2,2011,0.027003255
1776,03-02-2011,3,2,2011,0.026481845
1777,04-02-2011,4,2,2011,0.025862814
1778,07-02-2011,7,2,2011,0.026062226
1779,08-02-2011,8,2,2011,0.02541435
1780,09-02-2011,9,2,2011,0.025679277
1781,10-02-2011,10,2,2011,0.025725174
1782,11-02-2011,11,2,2011,0.024907926
1783,14-02-2011,14,2,2011,0.02475887
1784,15-02-2011,15,2,2011,0.025408371
1785,16-02-2011,16,2,2011,0.025151628
1786,17-02-2011,17,2,2011,0.026088954
1787,18-02-2011,18,2,2011,0.025920776
1788,22-02-2011,22,2,2011,0.030375443
1789,23-02-2011,23,2,2011,0.031826033
1790,24-02-2011,24,2,2011,0.032002792
1791,25-02-2011,25,2,2011,0.029357505
1792,28-02-2011,28,2,2011,0.028379795
1793,01-03-2011,1,3,2011,0.030824723
1794,02-03-2011,2,3,2011,0.030987019
1795,03-03-2011,3,3,2011,0.029253623
1796,04-03-2011,4,3,2011,0.030298043
1797,07-03-2011,7,3,2011,0.031984054
1798,08-03-2011,8,3,2011,0.031183189
1799,09-03-2011,9,3,2011,0.031628606
1800,10-03-2011,10,3,2011,0.034131394
1801,11-03-2011,11,3,2011,0.033187203
1802,14-03-2011,14,3,2011,0.034322006
1803,15-03-2011,15,3,2011,0.03606145
1804,16-03-2011,16,3,2011,0.040381605
1805,17-03-2011,17,3,2011,0.037174416
1806,18-03-2011,18,3,2011,0.036050082
1807,21-03-2011,21,3,2011,0.032716621
1808,22-03-2011,22,3,2011,0.032651896
1809,23-03-2011,23,3,2011,0.031860294
1810,24-03-2011,24,3,2011,0.030270294
1811,25-03-2011,25,3,2011,0.030421141
1812,28-03-2011,28,3,2011,0.030982081
1813,29-03-2011,29,3,2011,0.029989994
1814,30-03-2011,30,3,2011,0.02930856
1815,31-03-2011,31,3,2011,0.029528009
1816,01-04-2011,1,4,2011,0.029187233
1817,04-04-2011,4,4,2011,0.029017167
1818,05-04-2011,5,4,2011,0.02859265
1819,06-04-2011,6,4,2011,0.028720691
1820,07-04-2011,7,4,2011,0.029699559
1821,08-04-2011,8,4,2011,0.030703016
1822,11-04-2011,11,4,2011,0.030619136
1823,12-04-2011,12,4,2011,0.031234878
1824,13-04-2011,13,4,2011,0.030783029
1825,14-04-2011,14,4,2011,0.030688084
1826,15-04-2011,15,4,2011,0.03002071
1827,18-04-2011,18,4,2011,0.031162341
1828,19-04-2011,19,4,2011,0.030003725
1829,20-04-2011,20,4,2011,0.028697043
1830,21-04-2011,21,4,2011,0.028188154
1831,25-04-2011,25,4,2011,0.028456934
1832,26-04-2011,26,4,2011,0.027779153
1833,27-04-2011,27,4,2011,0.027287196
1834,28-04-2011,28,4,2011,0.026645386
1835,29-04-2011,29,4,2011,0.026638228
1836,02-05-2011,2,5,2011,0.027747135
1837,03-05-2011,3,5,2011,0.028651429
1838,04-05-2011,4,5,2011,0.029389906
1839,05-05-2011,5,5,2011,0.030504287
1840,06-05-2011,6,5,2011,0.029690276
1841,09-05-2011,9,5,2011,0.029206347
1842,10-05-2011,10,5,2011,0.028146877
1843,11-05-2011,11,5,2011,0.029377363
1844,12-05-2011,12,5,2011,0.02886176
1845,13-05-2011,13,5,2011,0.029658787
1846,16-05-2011,16,5,2011,0.030449285
1847,17-05-2011,17,5,2011,0.030207672
1848,18-05-2011,18,5,2011,0.028742954
1849,19-05-2011,19,5,2011,0.028542481
1850,20-05-2011,20,5,2011,0.029686504
1851,23-05-2011,23,5,2011,0.030925779
1852,24-05-2011,24,5,2011,0.030718222
1853,25-05-2011,25,5,2011,0.0301828
1854,26-05-2011,26,5,2011,0.028631281
1855,27-05-2011,27,5,2011,0.027619189
1856,31-05-2011,31,5,2011,0.026452436
1857,01-06-2011,1,6,2011,0.028781134
1858,02-06-2011,2,6,2011,0.028866134
1859,03-06-2011,3,6,2011,0.029256066
1860,06-06-2011,6,6,2011,0.030189213
1861,07-06-2011,7,6,2011,0.029975423
1862,08-06-2011,8,6,2011,0.030185229
1863,09-06-2011,9,6,2011,0.029035897
1864,10-06-2011,10,6,2011,0.030508531
1865,13-06-2011,13,6,2011,0.030705177
1866,14-06-2011,14,6,2011,0.029194615
1867,15-06-2011,15,6,2011,0.03228637
1868,16-06-2011,16,6,2011,0.0340239
1869,17-06-2011,17,6,2011,0.034010421
1870,20-06-2011,20,6,2011,0.032474516
1871,21-06-2011,21,6,2011,0.030921123
1872,22-06-2011,22,6,2011,0.03190876
1873,23-06-2011,23,6,2011,0.03265829
1874,24-06-2011,24,6,2011,0.034889141
1875,27-06-2011,27,6,2011,0.033727557
1876,28-06-2011,28,6,2011,0.032382678
1877,29-06-2011,29,6,2011,0.030983716
1878,30-06-2011,30,6,2011,0.02947062
1879,01-07-2011,1,7,2011,0.026898686
1880,05-07-2011,5,7,2011,0.027121488
1881,06-07-2011,6,7,2011,0.027326919
1882,07-07-2011,7,7,2011,0.026334331
1883,08-07-2011,8,7,2011,0.027049853
1884,11-07-2011,11,7,2011,0.030027827
1885,12-07-2011,12,7,2011,0.031201274
1886,13-07-2011,13,7,2011,0.031363998
1887,14-07-2011,14,7,2011,0.032415119
1888,15-07-2011,15,7,2011,0.031615729
1889,18-07-2011,18,7,2011,0.033291896
1890,19-07-2011,19,7,2011,0.031268805
1891,20-07-2011,20,7,2011,0.031030495
1892,21-07-2011,21,7,2011,0.029269959
1893,22-07-2011,22,7,2011,0.028792701
1894,25-07-2011,25,7,2011,0.029910254
1895,26-07-2011,26,7,2011,0.030599971
1896,27-07-2011,27,7,2011,0.033001082
1897,28-07-2011,28,7,2011,0.033236828
1898,29-07-2011,29,7,2011,0.033152227
1899,01-08-2011,1,8,2011,0.031699118
1900,02-08-2011,2,8,2011,0.034935047
1901,03-08-2011,3,8,2011,0.034765749
1902,04-08-2011,4,8,2011,0.043677073
1903,05-08-2011,5,8,2011,0.04622343
1904,08-08-2011,8,8,2011,0.059116662
1905,09-08-2011,9,8,2011,0.047082739
1906,10-08-2011,10,8,2011,0.056366524
1907,11-08-2011,11,8,2011,0.050351983
1908,12-08-2011,12,8,2011,0.048572147
1909,15-08-2011,15,8,2011,0.043489187
1910,16-08-2011,16,8,2011,0.045034905
1911,17-08-2011,17,8,2011,0.04355715
1912,18-08-2011,18,8,2011,0.053798831
1913,19-08-2011,19,8,2011,0.056574932
1914,22-08-2011,22,8,2011,0.057027082
1915,23-08-2011,23,8,2011,0.051236607
1916,24-08-2011,24,8,2011,0.050634394
1917,25-08-2011,25,8,2011,0.055002048
1918,26-08-2011,26,8,2011,0.051923704
1919,29-08-2011,29,8,2011,0.047950828
1920,30-08-2011,30,8,2011,0.048563242
1921,31-08-2011,31,8,2011,0.047978895
1922,01-09-2011,1,9,2011,0.049239937
1923,02-09-2011,2,9,2011,0.052316606
1924,06-09-2011,6,9,2011,0.054109124
1925,07-09-2011,7,9,2011,0.050296731
1926,08-09-2011,8,9,2011,0.052001285
1927,09-09-2011,9,9,2011,0.058481629
1928,12-09-2011,12,9,2011,0.059292559
1929,13-09-2011,13,9,2011,0.057911176
1930,14-09-2011,14,9,2011,0.056863185
1931,15-09-2011,15,9,2011,0.053692378
1932,16-09-2011,16,9,2011,0.052491929
1933,19-09-2011,19,9,2011,0.054379131
1934,20-09-2011,20,9,2011,0.054443242
1935,21-09-2011,21,9,2011,0.058696249
1936,22-09-2011,22,9,2011,0.065532772
1937,23-09-2011,23,9,2011,0.065488722
1938,26-09-2011,26,9,2011,0.062707922
1939,27-09-2011,27,9,2011,0.061365719
1940,28-09-2011,28,9,2011,0.066056717
1941,29-09-2011,29,9,2011,0.063721359
1942,30-09-2011,30,9,2011,0.070650758
1943,03-10-2011,3,10,2011,0.077002334
1944,04-10-2011,4,10,2011,0.070848464
1945,05-10-2011,5,10,2011,0.067554206
1946,06-10-2011,6,10,2011,0.065473645
1947,07-10-2011,7,10,2011,0.06730061
1948,10-10-2011,10,10,2011,#N/A
1949,11-10-2011,11,10,2011,0.059986556
1950,12-10-2011,12,10,2011,0.055297098
1951,13-10-2011,13,10,2011,0.05545211
1952,14-10-2011,14,10,2011,0.051198177
1953,17-10-2011,17,10,2011,0.055563545
1954,18-10-2011,18,10,2011,0.053783184
1955,19-10-2011,19,10,2011,0.058322962
1956,20-10-2011,20,10,2011,0.058098505
1957,21-10-2011,21,10,2011,0.054169001
1958,24-10-2011,24,10,2011,0.050567218
1959,25-10-2011,25,10,2011,0.05310837
1960,26-10-2011,26,10,2011,0.050418963
1961,27-10-2011,27,10,2011,0.043019487
1962,28-10-2011,28,10,2011,0.041625404
1963,31-10-2011,31,10,2011,0.046685713
1964,01-11-2011,1,11,2011,0.056184634
1965,02-11-2011,2,11,2011,0.053407936
1966,03-11-2011,3,11,2011,0.050305849
1967,04-11-2011,4,11,2011,0.051301744
1968,07-11-2011,7,11,2011,0.050215028
1969,08-11-2011,8,11,2011,0.048722425
1970,09-11-2011,9,11,2011,0.058758056
1971,10-11-2011,10,11,2011,0.055572755
1972,11-11-2011,11,11,2011,#N/A
1973,14-11-2011,14,11,2011,0.054397187
1974,15-11-2011,15,11,2011,0.05430963
1975,16-11-2011,16,11,2011,0.058325079
1976,17-11-2011,17,11,2011,0.062441751
1977,18-11-2011,18,11,2011,0.06159902
1978,21-11-2011,21,11,2011,0.063880687
1979,22-11-2011,22,11,2011,0.061934421
1980,23-11-2011,23,11,2011,0.06621322
1981,25-11-2011,25,11,2011,0.067173619
1982,28-11-2011,28,11,2011,0.061461874
1983,29-11-2011,29,11,2011,0.060578184
1984,30-11-2011,30,11,2011,0.053039483
1985,01-12-2011,1,12,2011,0.052791692
1986,02-12-2011,2,12,2011,0.052082938
1987,05-12-2011,5,12,2011,0.050956914
1988,06-12-2011,6,12,2011,0.05159208
1989,07-12-2011,7,12,2011,0.052541871
1990,08-12-2011,8,12,2011,0.056027651
1991,09-12-2011,9,12,2011,0.05093414
1992,12-12-2011,12,12,2011,0.052402604
1993,13-12-2011,13,12,2011,0.053516998
1994,14-12-2011,14,12,2011,0.054976268
1995,15-12-2011,15,12,2011,0.053884476
1996,16-12-2011,16,12,2011,0.052423955
1997,19-12-2011,19,12,2011,0.052700051
1998,20-12-2011,20,12,2011,0.047417953
1999,21-12-2011,21,12,2011,0.044928411
2000,22-12-2011,22,12,2011,0.044147474
2001,23-12-2011,23,12,2011,0.043883601
2002,27-12-2011,27,12,2011,0.043369499
2003,28-12-2011,28,12,2011,0.045397298
2004,29-12-2011,29,12,2011,0.044079215
2005,30-12-2011,30,12,2011,0.044541556
2006,03-01-2012,3,1,2012,0.042670961
2007,04-01-2012,4,1,2012,0.041238768
2008,05-01-2012,5,1,2012,0.040182727
2009,06-01-2012,6,1,2012,0.039542827
2010,09-01-2012,9,1,2012,0.038871715
2011,10-01-2012,10,1,2012,0.03776928
2012,11-01-2012,11,1,2012,0.038319974
2013,12-01-2012,12,1,2012,0.038397633
2014,13-01-2012,13,1,2012,0.040063639
2015,17-01-2012,17,1,2012,0.039492644
2016,18-01-2012,18,1,2012,0.037960339
2017,19-01-2012,19,1,2012,0.037052153
2018,20-01-2012,20,1,2012,0.03560488
2019,23-01-2012,23,1,2012,0.034757926
2020,24-01-2012,24,1,2012,0.03477619
2021,25-01-2012,25,1,2012,0.033186432
2022,26-01-2012,26,1,2012,0.033751315
2023,27-01-2012,27,1,2012,0.033673406
2024,30-01-2012,30,1,2012,0.034499327
2025,31-01-2012,31,1,2012,0.03489613
2026,01-02-2012,1,2,2012,0.033989228
2027,02-02-2012,2,2,2012,0.032963615
2028,03-02-2012,3,2,2012,0.031016073
2029,06-02-2012,6,2,2012,0.031211943
2030,07-02-2012,7,2,2012,0.030713868
2031,08-02-2012,8,2,2012,0.031196144
2032,09-02-2012,9,2,2012,0.032371959
2033,10-02-2012,10,2,2012,0.035541325
2034,13-02-2012,13,2,2012,0.034095294
2035,14-02-2012,14,2,2012,0.035582701
2036,15-02-2012,15,2,2012,0.037837544
2037,16-02-2012,16,2,2012,0.035004859
2038,17-02-2012,17,2,2012,0.034949155
2039,21-02-2012,21,2,2012,0.034864091
2040,22-02-2012,22,2,2012,0.035154253
2041,23-02-2012,23,2,2012,0.033164988
2042,24-02-2012,24,2,2012,0.033272025
2043,27-02-2012,27,2,2012,0.033915209
2044,28-02-2012,28,2,2012,0.034029213
2045,29-02-2012,29,2,2012,0.034065586
2046,01-03-2012,1,3,2012,0.03310695
2047,02-03-2012,2,3,2012,0.033545067
2048,05-03-2012,5,3,2012,0.034466487
2049,06-03-2012,6,3,2012,0.037412303
2050,07-03-2012,7,3,2012,0.036289649
2051,08-03-2012,8,3,2012,0.034505311
2052,09-03-2012,9,3,2012,0.033268204
2053,12-03-2012,12,3,2012,0.032739975
2054,13-03-2012,13,3,2012,0.030511137
2055,14-03-2012,14,3,2012,0.032013042
2056,15-03-2012,15,3,2012,0.031429868
2057,16-03-2012,16,3,2012,0.031362779
2058,19-03-2012,19,3,2012,0.030524999
2059,20-03-2012,20,3,2012,0.030635994
2060,21-03-2012,21,3,2012,0.029426819
2061,22-03-2012,22,3,2012,0.029609266
2062,23-03-2012,23,3,2012,0.029082875
2063,26-03-2012,26,3,2012,0.027047703
2064,27-03-2012,27,3,2012,0.027736238
2065,28-03-2012,28,3,2012,0.027947989
2066,29-03-2012,29,3,2012,0.028010292
2067,30-03-2012,30,3,2012,0.027769749
2068,02-04-2012,2,4,2012,0.027261637
2069,03-04-2012,3,4,2012,0.02786462
2070,04-04-2012,4,4,2012,0.028673485
2071,05-04-2012,5,4,2012,0.02922468
2072,09-04-2012,9,4,2012,0.031058662
2073,10-04-2012,10,4,2012,0.03495833
2074,11-04-2012,11,4,2012,0.03448117
2075,12-04-2012,12,4,2012,0.032045402
2076,13-04-2012,13,4,2012,0.03453002
2077,16-04-2012,16,4,2012,0.034498122
2078,17-04-2012,17,4,2012,0.031993493
2079,18-04-2012,18,4,2012,0.032618458
2080,19-04-2012,19,4,2012,0.033364544
2081,20-04-2012,20,4,2012,0.032568093
2082,23-04-2012,23,4,2012,0.034149269
2083,24-04-2012,24,4,2012,0.033144803
2084,25-04-2012,25,4,2012,0.030716433
2085,26-04-2012,26,4,2012,0.029216069
2086,27-04-2012,27,4,2012,0.028908835
2087,30-04-2012,30,4,2012,0.029398336
2088,01-05-2012,1,5,2012,0.028812595
2089,02-05-2012,2,5,2012,0.028965426
2090,03-05-2012,3,5,2012,0.029759099
2091,04-05-2012,4,5,2012,0.031605826
2092,07-05-2012,7,5,2012,0.03138525
2093,08-05-2012,8,5,2012,0.031938967
2094,09-05-2012,9,5,2012,0.033336825
2095,10-05-2012,10,5,2012,0.032733358
2096,11-05-2012,11,5,2012,0.033478668
2097,14-05-2012,14,5,2012,0.035749041
2098,15-05-2012,15,5,2012,0.0378925
2099,16-05-2012,16,5,2012,0.03905507
2100,17-05-2012,17,5,2012,0.041617271
2101,18-05-2012,18,5,2012,0.044040064
2102,21-05-2012,21,5,2012,0.040121546
2103,22-05-2012,22,5,2012,0.040780047
2104,23-05-2012,23,5,2012,0.040721306
2105,24-05-2012,24,5,2012,0.041055813
2106,25-05-2012,25,5,2012,0.041851072
2107,29-05-2012,29,5,2012,0.039430968
2108,30-05-2012,30,5,2012,0.041978257
2109,31-05-2012,31,5,2012,0.04204796
2110,01-06-2012,1,6,2012,0.046984425
2111,04-06-2012,4,6,2012,0.046169648
2112,05-06-2012,5,6,2012,0.045246537
2113,06-06-2012,6,6,2012,0.04139937
2114,07-06-2012,7,6,2012,0.040415947
2115,08-06-2012,8,6,2012,0.040131138
2116,11-06-2012,11,6,2012,0.042349902
2117,12-06-2012,12,6,2012,0.041622978
2118,13-06-2012,13,6,2012,0.044503116
2119,14-06-2012,14,6,2012,0.041736046
2120,15-06-2012,15,6,2012,0.039386816
2121,18-06-2012,18,6,2012,0.037883408
2122,19-06-2012,19,6,2012,0.03604758
2123,20-06-2012,20,6,2012,0.035522343
2124,21-06-2012,21,6,2012,0.039490143
2125,22-06-2012,22,6,2012,0.036434111
2126,25-06-2012,25,6,2012,0.038480693
2127,26-06-2012,26,6,2012,0.037502392
2128,27-06-2012,27,6,2012,0.037258489
2129,28-06-2012,28,6,2012,0.036954086
2130,29-06-2012,29,6,2012,0.03324934
2131,02-07-2012,2,7,2012,0.033055051
2132,03-07-2012,3,7,2012,0.032347144
2133,05-07-2012,5,7,2012,0.033668386
2134,06-07-2012,6,7,2012,0.034021504
2135,09-07-2012,9,7,2012,0.034358006
2136,10-07-2012,10,7,2012,0.034855567
2137,11-07-2012,11,7,2012,0.034375331
2138,12-07-2012,12,7,2012,0.034578247
2139,13-07-2012,13,7,2012,0.032357372
2140,16-07-2012,16,7,2012,0.032699469
2141,17-07-2012,17,7,2012,0.031035455
2142,18-07-2012,18,7,2012,0.030999741
2143,19-07-2012,19,7,2012,0.030723565
2144,20-07-2012,20,7,2012,0.032171475
2145,23-07-2012,23,7,2012,0.034435376
2146,24-07-2012,24,7,2012,0.036347907
2147,25-07-2012,25,7,2012,0.035956238
2148,26-07-2012,26,7,2012,0.033534525
2149,27-07-2012,27,7,2012,0.03246648
2150,30-07-2012,30,7,2012,0.032956133
2151,31-07-2012,31,7,2012,0.033551084
2152,01-08-2012,1,8,2012,0.033321358
2153,02-08-2012,2,8,2012,0.033348812
2154,03-08-2012,3,8,2012,0.031561935
2155,06-08-2012,6,8,2012,0.031209418
2156,07-08-2012,7,8,2012,0.031787192
2157,08-08-2012,8,8,2012,0.031601963
2158,09-08-2012,9,8,2012,0.031090811
2159,10-08-2012,10,8,2012,0.030726728
2160,13-08-2012,13,8,2012,0.031617775
2161,14-08-2012,14,8,2012,0.032117963
2162,15-08-2012,15,8,2012,0.032231128
2163,16-08-2012,16,8,2012,0.032477115
2164,17-08-2012,17,8,2012,0.031823089
2165,20-08-2012,20,8,2012,0.032465224
2166,21-08-2012,21,8,2012,0.033539158
2167,22-08-2012,22,8,2012,0.034772946
2168,23-08-2012,23,8,2012,0.035634063
2169,24-08-2012,24,8,2012,0.034344701
2170,27-08-2012,27,8,2012,0.03501199
2171,28-08-2012,28,8,2012,0.034809085
2172,29-08-2012,29,8,2012,0.036096389
2173,30-08-2012,30,8,2012,0.036906263
2174,31-08-2012,31,8,2012,0.036540774
2175,04-09-2012,4,9,2012,0.036400398
2176,05-09-2012,5,9,2012,0.034619478
2177,06-09-2012,6,9,2012,0.032347697
2178,07-09-2012,7,9,2012,0.031092287
2179,10-09-2012,10,9,2012,0.031321898
2180,11-09-2012,11,9,2012,0.031013505
2181,12-09-2012,12,9,2012,0.030798198
2182,13-09-2012,13,9,2012,0.028047205
2183,14-09-2012,14,9,2012,0.02897417
2184,17-09-2012,17,9,2012,0.029301524
2185,18-09-2012,18,9,2012,0.02879724
2186,19-09-2012,19,9,2012,0.028186829
2187,20-09-2012,20,9,2012,0.02871901
2188,21-09-2012,21,9,2012,0.028959938
2189,24-09-2012,24,9,2012,0.028362312
2190,25-09-2012,25,9,2012,0.029736063
2191,26-09-2012,26,9,2012,0.03017571
2192,27-09-2012,27,9,2012,0.029216004
2193,28-09-2012,28,9,2012,0.029724889
2194,01-10-2012,1,10,2012,0.029750339
2195,02-10-2012,2,10,2012,0.029552446
2196,03-10-2012,3,10,2012,0.029161912
2197,04-10-2012,4,10,2012,0.028445794
2198,05-10-2012,5,10,2012,0.027816673
2199,08-10-2012,8,10,2012,#N/A
2200,09-10-2012,9,10,2012,0.028833957
2201,10-10-2012,10,10,2012,0.029031063
2202,11-10-2012,11,10,2012,0.028045262
2203,12-10-2012,12,10,2012,0.02774156
2204,15-10-2012,15,10,2012,0.026772395
2205,16-10-2012,16,10,2012,0.026209695
2206,17-10-2012,17,10,2012,0.025807016
2207,18-10-2012,18,10,2012,0.025894954
2208,19-10-2012,19,10,2012,0.027727587
2209,22-10-2012,22,10,2012,0.027726792
2210,23-10-2012,23,10,2012,0.028919763
2211,24-10-2012,24,10,2012,0.029067489
2212,25-10-2012,25,10,2012,0.028292994
2213,31-10-2012,31,10,2012,0.029178522
2214,01-11-2012,1,11,2012,0.027274191
2215,02-11-2012,2,11,2012,0.027850855
2216,05-11-2012,5,11,2012,0.028514373
2217,06-11-2012,6,11,2012,0.027328326
2218,07-11-2012,7,11,2012,0.029003496
2219,08-11-2012,8,11,2012,0.029607841
2220,09-11-2012,9,11,2012,0.029769259
2221,12-11-2012,12,11,2012,#N/A
2222,13-11-2012,13,11,2012,0.028565878
2223,14-11-2012,14,11,2012,0.029742673
2224,15-11-2012,15,11,2012,0.029500116
2225,16-11-2012,16,11,2012,0.029194708
2226,19-11-2012,19,11,2012,0.026757947
2227,20-11-2012,20,11,2012,0.026322163
2228,21-11-2012,21,11,2012,0.026315898
2229,23-11-2012,23,11,2012,0.025497003
2230,26-11-2012,26,11,2012,0.02585287
2231,27-11-2012,27,11,2012,0.026397658
2232,28-11-2012,28,11,2012,0.025757321
2233,29-11-2012,29,11,2012,0.025215308
2234,30-11-2012,30,11,2012,0.025629158
2235,03-12-2012,3,12,2012,0.026287852
2236,04-12-2012,4,12,2012,0.02670829
2237,05-12-2012,5,12,2012,0.026084779
2238,06-12-2012,6,12,2012,0.02614936
2239,07-12-2012,7,12,2012,0.025534531
2240,10-12-2012,10,12,2012,0.025509375
2241,11-12-2012,11,12,2012,0.025620817
2242,12-12-2012,12,12,2012,0.026200467
2243,13-12-2012,13,12,2012,0.027055983
2244,14-12-2012,14,12,2012,0.027531758
2245,17-12-2012,17,12,2012,0.026661505
2246,18-12-2012,18,12,2012,0.025165243
2247,19-12-2012,19,12,2012,0.026731948
2248,20-12-2012,20,12,2012,0.026453835
2249,21-12-2012,21,12,2012,0.027554125
2250,24-12-2012,24,12,2012,0.028159418
2251,26-12-2012,26,12,2012,0.029052193
2252,27-12-2012,27,12,2012,0.029072665
2253,28-12-2012,28,12,2012,0.029857769
2254,31-12-2012,31,12,2012,0.027801623
2255,02-01-2013,2,1,2013,0.024340698
2256,03-01-2013,3,1,2013,0.024366106
2257,04-01-2013,4,1,2013,0.023520863
2258,07-01-2013,7,1,2013,0.02384516
2259,08-01-2013,8,1,2013,0.024152149
2260,09-01-2013,9,1,2013,0.024327069
2261,10-01-2013,10,1,2013,0.023423079
2262,11-01-2013,11,1,2013,0.023405029
2263,14-01-2013,14,1,2013,0.02368605
2264,15-01-2013,15,1,2013,0.023514924
2265,16-01-2013,16,1,2013,0.023319707
2266,17-01-2013,17,1,2013,0.022857489
2267,18-01-2013,18,1,2013,0.021941401
2268,22-01-2013,22,1,2013,0.020524183
2269,23-01-2013,23,1,2013,0.019506765
2270,24-01-2013,24,1,2013,0.019608907
2271,25-01-2013,25,1,2013,0.019310493
2272,28-01-2013,28,1,2013,0.01941787
2273,29-01-2013,29,1,2013,0.01887643
2274,30-01-2013,30,1,2013,0.019505907
2275,31-01-2013,31,1,2013,0.020157177
2276,01-02-2013,1,2,2013,0.019089598
2277,04-02-2013,4,2,2013,0.020525242
2278,05-02-2013,5,2,2013,0.019711961
2279,06-02-2013,6,2,2013,0.019805299
2280,07-02-2013,7,2,2013,0.020077162
2281,08-02-2013,8,2,2013,0.019361518
2282,11-02-2013,11,2,2013,0.019230315
2283,12-02-2013,12,2,2013,0.019095976
2284,13-02-2013,13,2,2013,0.01919711
2285,14-02-2013,14,2,2013,0.018976481
2286,15-02-2013,15,2,2013,0.019131135
2287,19-02-2013,19,2,2013,0.018518866
2288,20-02-2013,20,2,2013,0.019848582
2289,21-02-2013,21,2,2013,0.020584487
2290,22-02-2013,22,2,2013,0.019829921
2291,25-02-2013,25,2,2013,0.023020178
2292,26-02-2013,26,2,2013,0.022141778
2293,27-02-2013,27,2,2013,0.020221471
2294,28-02-2013,28,2,2013,0.020546333
2295,01-03-2013,1,3,2013,0.020949365
2296,04-03-2013,4,3,2013,0.02022724
2297,05-03-2013,5,3,2013,0.019355647
2298,06-03-2013,6,3,2013,0.01935538
2299,07-03-2013,7,3,2013,0.019004594
2300,08-03-2013,8,3,2013,0.018760051
2301,11-03-2013,11,3,2013,0.018342916
2302,12-03-2013,12,3,2013,0.018583762
2303,13-03-2013,13,3,2013,0.01860796
2304,14-03-2013,14,3,2013,0.017834276
2305,15-03-2013,15,3,2013,0.018444498
2306,18-03-2013,18,3,2013,0.019709944
2307,19-03-2013,19,3,2013,0.020378136
2308,20-03-2013,20,3,2013,0.019234759
2309,21-03-2013,21,3,2013,0.020226343
2310,22-03-2013,22,3,2013,0.020035846
2311,25-03-2013,25,3,2013,0.020094847
2312,26-03-2013,26,3,2013,0.019529444
2313,27-03-2013,27,3,2013,0.019819828
2314,28-03-2013,28,3,2013,0.019650727
2315,01-04-2013,1,4,2013,0.020396595
2316,02-04-2013,2,4,2013,0.019931247
2317,03-04-2013,3,4,2013,0.020759877
2318,04-04-2013,4,4,2013,0.021140931
2319,05-04-2013,5,4,2013,0.021408126
2320,08-04-2013,8,4,2013,0.020617302
2321,09-04-2013,9,4,2013,0.020133952
2322,10-04-2013,10,4,2013,0.019226062
2323,11-04-2013,11,4,2013,0.019188022
2324,12-04-2013,12,4,2013,0.019331119
2325,15-04-2013,15,4,2013,0.022035997
2326,16-04-2013,16,4,2013,0.020065169
2327,17-04-2013,17,4,2013,0.02242125
2328,18-04-2013,18,4,2013,0.02340016
2329,19-04-2013,19,4,2013,0.02200729
2330,22-04-2013,22,4,2013,0.021251802
2331,23-04-2013,23,4,2013,0.019891072
2332,24-04-2013,24,4,2013,0.019756626
2333,25-04-2013,25,4,2013,0.01961407
2334,26-04-2013,26,4,2013,0.019509943
2335,29-04-2013,29,4,2013,0.019191243
2336,30-04-2013,30,4,2013,0.018999515
2337,01-05-2013,1,5,2013,0.019917088
2338,02-05-2013,2,5,2013,0.019113126
2339,03-05-2013,3,5,2013,0.018485188
2340,06-05-2013,6,5,2013,0.018487827
2341,07-05-2013,7,5,2013,0.018409756
2342,08-05-2013,8,5,2013,0.018604082
2343,09-05-2013,9,5,2013,0.019592915
2344,10-05-2013,10,5,2013,0.019582916
2345,13-05-2013,13,5,2013,0.02005013
2346,14-05-2013,14,5,2013,0.020098814
2347,15-05-2013,15,5,2013,0.020562616
2348,16-05-2013,16,5,2013,0.021064796
2349,17-05-2013,17,5,2013,0.020844305
2350,20-05-2013,20,5,2013,0.021240131
2351,21-05-2013,21,5,2013,0.02176456
2352,22-05-2013,22,5,2013,0.022239624
2353,23-05-2013,23,5,2013,0.022303621
2354,24-05-2013,24,5,2013,0.022166045
2355,28-05-2013,28,5,2013,0.021643604
2356,29-05-2013,29,5,2013,0.02214245
2357,30-05-2013,30,5,2013,0.022024559
2358,31-05-2013,31,5,2013,0.023458166
2359,03-06-2013,3,6,2013,0.023476824
2360,04-06-2013,4,6,2013,0.023983806
2361,05-06-2013,5,6,2013,0.024794174
2362,06-06-2013,6,6,2013,0.024349795
2363,07-06-2013,7,6,2013,0.023057022
2364,10-06-2013,10,6,2013,0.023255751
2365,11-06-2013,11,6,2013,0.024804573
2366,12-06-2013,12,6,2013,0.025635867
2367,13-06-2013,13,6,2013,0.024733061
2368,14-06-2013,14,6,2013,0.025183976
2369,17-06-2013,17,6,2013,0.024551807
2370,18-06-2013,18,6,2013,0.02403185
2371,19-06-2013,19,6,2013,0.023961472
2372,20-06-2013,20,6,2013,0.026891107
2373,21-06-2013,21,6,2013,0.025463436
2374,24-06-2013,24,6,2013,0.027532746
2375,25-06-2013,25,6,2013,0.026429552
2376,26-06-2013,26,6,2013,0.025471485
2377,27-06-2013,27,6,2013,0.025096156
2378,28-06-2013,28,6,2013,0.025841954
2379,01-07-2013,1,7,2013,0.025247909
2380,02-07-2013,2,7,2013,0.025129062
2381,03-07-2013,3,7,2013,0.025013052
2382,05-07-2013,5,7,2013,0.023813817
2383,08-07-2013,8,7,2013,0.022991491
2384,09-07-2013,9,7,2013,0.021943355
2385,10-07-2013,10,7,2013,0.02193105
2386,11-07-2013,11,7,2013,0.021331503
2387,12-07-2013,12,7,2013,0.021423625
2388,15-07-2013,15,7,2013,0.021384915
2389,16-07-2013,16,7,2013,0.021910009
2390,17-07-2013,17,7,2013,0.02138136
2391,18-07-2013,18,7,2013,0.021038501
2392,19-07-2013,19,7,2013,0.020857114
2393,22-07-2013,22,7,2013,0.020432233
2394,23-07-2013,23,7,2013,0.020539631
2395,24-07-2013,24,7,2013,0.0210409
2396,25-07-2013,25,7,2013,0.020747659
2397,26-07-2013,26,7,2013,0.020528422
2398,29-07-2013,29,7,2013,0.020767272
2399,30-07-2013,30,7,2013,0.020501096
2400,31-07-2013,31,7,2013,0.020377853
2401,01-08-2013,1,8,2013,0.019746199
2402,02-08-2013,2,8,2013,0.019245208
2403,05-08-2013,5,8,2013,0.019095962
2404,06-08-2013,6,8,2013,0.019824535
2405,07-08-2013,7,8,2013,0.020192243
2406,08-08-2013,8,8,2013,0.019819817
2407,09-08-2013,9,8,2013,0.020174494
2408,12-08-2013,12,8,2013,0.020382626
2409,13-08-2013,13,8,2013,0.020041144
2410,14-08-2013,14,8,2013,0.020464118
2411,15-08-2013,15,8,2013,0.021727641
2412,16-08-2013,16,8,2013,0.021556001
2413,19-08-2013,19,8,2013,0.021997897
2414,20-08-2013,20,8,2013,0.021704857
2415,21-08-2013,21,8,2013,0.022000368
2416,22-08-2013,22,8,2013,0.021299983
2417,23-08-2013,23,8,2013,0.020937509
2418,26-08-2013,26,8,2013,0.021517091
2419,27-08-2013,27,8,2013,0.023637188
2420,28-08-2013,28,8,2013,0.023830008
2421,29-08-2013,29,8,2013,0.024755065
2422,30-08-2013,30,8,2013,0.025059758
2423,03-09-2013,3,9,2013,0.024713698
2424,04-09-2013,4,9,2013,0.024272744
2425,05-09-2013,5,9,2013,0.024019779
2426,06-09-2013,6,9,2013,0.023820855
2427,09-09-2013,9,9,2013,0.023093402
2428,10-09-2013,10,9,2013,0.022195771
2429,11-09-2013,11,9,2013,0.021453821
2430,12-09-2013,12,9,2013,0.021716998
2431,13-09-2013,13,9,2013,0.021488562
2432,16-09-2013,16,9,2013,0.021158702
2433,17-09-2013,17,9,2013,0.021030764
2434,18-09-2013,18,9,2013,0.020496975
2435,19-09-2013,19,9,2013,0.020785656
2436,20-09-2013,20,9,2013,0.021427215
2437,23-09-2013,23,9,2013,0.021539539
2438,24-09-2013,24,9,2013,0.02157397
2439,25-09-2013,25,9,2013,0.021300105
2440,26-09-2013,26,9,2013,0.021015233
2441,27-09-2013,27,9,2013,0.021504414
2442,30-09-2013,30,9,2013,0.022545683
